idx,true_label,pred_label,anomaly_pred,prompt_tokens,completion_tokens,total_tokens,cost_input_usd,cost_output_usd,raw_content,error
0,normal,anomaly,True,2331,540,2871,0.000653,0.000216,"{""label"":""anomaly"",""anomaly"":true}",
1,normal,anomaly,True,461,1116,1577,0.000129,0.000446,"{""label"": ""anomaly"", ""anomaly"": true}",
2,normal,anomaly,True,461,1248,1709,0.000129,0.000499,"{""label"":""anomaly"",""anomaly"":true}",
3,normal,anomaly,True,461,1032,1493,0.000129,0.000413,"{""label"":""anomaly"",""anomaly"":true}",
4,normal,anomaly,True,461,783,1244,0.000129,0.000313,"{""label"":""anomaly"",""anomaly"":true}",
5,normal,anomaly,True,461,823,1284,0.000129,0.000329,"{""label"":""anomaly"",""anomaly"":true}",
6,normal,anomaly,True,461,1408,1869,0.000129,0.000563,"{""label"":""anomaly"",""anomaly"":true}",
7,normal,normal,False,505,1184,1689,0.000141,0.000474,"{""label"":""normal"",""anomaly"":false}",
8,normal,anomaly,True,401,548,949,0.000112,0.000219,"{""label"":""anomaly"",""anomaly"":true}",
9,normal,anomaly,True,461,1074,1535,0.000129,0.000430,"{""label"":""anomaly"",""anomaly"":true}",
10,normal,anomaly,True,461,759,1220,0.000129,0.000304,"{""label"": ""anomaly"", ""anomaly"": true}",
11,normal,anomaly,True,455,760,1215,0.000127,0.000304,"{""label"":""anomaly"",""anomaly"":true}",
12,normal,anomaly,True,455,622,1077,0.000127,0.000249,"{""label"":""anomaly"",""anomaly"":true}",
13,normal,anomaly,True,2349,590,2939,0.000658,0.000236,"{""label"":""anomaly"",""anomaly"":true}",
14,normal,anomaly,True,455,1166,1621,0.000127,0.000466,"{""label"":""anomaly"",""anomaly"":true}",
15,normal,anomaly,True,455,687,1142,0.000127,0.000275,"{""label"":""anomaly"",""anomaly"":true}",
16,normal,anomaly,True,455,750,1205,0.000127,0.000300,"{""label"":""anomaly"",""anomaly"":true}",
17,normal,anomaly,True,455,1451,1906,0.000127,0.000580,"{""label"": ""anomaly"", ""anomaly"": true}",
18,normal,anomaly,True,395,517,912,0.000111,0.000207,"{""label"":""anomaly"",""anomaly"":true}",
19,normal,anomaly,True,525,1125,1650,0.000147,0.000450,"{""label"":""anomaly"",""anomaly"":true}",
20,normal,anomaly,True,455,1058,1513,0.000127,0.000423,"{""label"":""anomaly"",""anomaly"":true}",
21,normal,anomaly,True,455,1154,1609,0.000127,0.000462,"{""label"":""anomaly"",""anomaly"":true}",
22,normal,anomaly,True,455,1148,1603,0.000127,0.000459,"{""label"":""anomaly"",""anomaly"":true}",
23,normal,anomaly,True,455,831,1286,0.000127,0.000332,"{""label"":""anomaly"",""anomaly"":true}",
24,normal,anomaly,True,401,561,962,0.000112,0.000224,"{""label"": ""anomaly"", ""anomaly"": true}",
25,normal,anomaly,True,3277,587,3864,0.000918,0.000235,"{""label"":""anomaly"",""anomaly"":true}",
26,normal,anomaly,True,461,1233,1694,0.000129,0.000493,"{""label"":""anomaly"",""anomaly"":true}",
27,normal,anomaly,True,517,688,1205,0.000145,0.000275,"{""label"": ""anomaly"", ""anomaly"": true}",
28,normal,anomaly,True,455,853,1308,0.000127,0.000341,"{""label"":""anomaly"",""anomaly"":true}",
29,normal,anomaly,True,451,999,1450,0.000126,0.000400,"{""label"":""anomaly"",""anomaly"":true}",
30,normal,anomaly,True,433,719,1152,0.000121,0.000288,"{""label"":""anomaly"",""anomaly"":true}",
31,normal,anomaly,True,461,607,1068,0.000129,0.000243,"{""label"":""anomaly"",""anomaly"":true}",
32,normal,anomaly,True,461,906,1367,0.000129,0.000362,"{""label"":""anomaly"",""anomaly"":true}",
33,normal,anomaly,True,455,908,1363,0.000127,0.000363,"{""label"":""anomaly"",""anomaly"":true}",
34,normal,anomaly,True,373,629,1002,0.000104,0.000252,"{""label"":""anomaly"",""anomaly"":true}",
35,normal,anomaly,True,373,902,1275,0.000104,0.000361,"{""label"":""anomaly"",""anomaly"":true}",
36,normal,anomaly,True,395,489,884,0.000111,0.000196,"{""label"":""anomaly"",""anomaly"":true}",
37,normal,anomaly,True,455,1023,1478,0.000127,0.000409,"{""label"":""anomaly"",""anomaly"":true}",
38,normal,anomaly,True,455,987,1442,0.000127,0.000395,"{""label"":""anomaly"",""anomaly"":true}",
39,normal,anomaly,True,525,892,1417,0.000147,0.000357,"{""label"": ""anomaly"", ""anomaly"": true}",
40,normal,anomaly,True,455,907,1362,0.000127,0.000363,"{""label"":""anomaly"",""anomaly"":true}",
41,normal,anomaly,True,437,758,1195,0.000122,0.000303,"{""label"":""anomaly"",""anomaly"":true}",
42,normal,anomaly,True,455,875,1330,0.000127,0.000350,"{""label"":""anomaly"",""anomaly"":true}",
43,normal,anomaly,True,455,973,1428,0.000127,0.000389,"{""label"":""anomaly"",""anomaly"":true}",
44,normal,anomaly,True,455,1425,1880,0.000127,0.000570,"{""label"":""anomaly"",""anomaly"":true}",
45,normal,anomaly,True,455,906,1361,0.000127,0.000362,"{""label"":""anomaly"",""anomaly"":true}",
46,normal,anomaly,True,455,1222,1677,0.000127,0.000489,"{""label"":""anomaly"",""anomaly"":true}",
47,normal,anomaly,True,443,892,1335,0.000124,0.000357,"{""label"":""anomaly"",""anomaly"":true}",
48,normal,anomaly,True,425,1296,1721,0.000119,0.000518,"{""label"": ""anomaly"", ""anomaly"": true}",
49,normal,anomaly,True,443,793,1236,0.000124,0.000317,"{""label"":""anomaly"",""anomaly"":true}",
50,normal,anomaly,True,2657,636,3293,0.000744,0.000254,"{""label"":""anomaly"",""anomaly"":true}",
51,normal,anomaly,True,449,1255,1704,0.000126,0.000502,"{""label"":""anomaly"",""anomaly"":true}",
52,normal,anomaly,True,439,914,1353,0.000123,0.000366,"{""label"": ""anomaly"", ""anomaly"": true}",
53,normal,anomaly,True,443,936,1379,0.000124,0.000374,"{""label"":""anomaly"",""anomaly"":true}",
54,normal,anomaly,True,443,816,1259,0.000124,0.000326,"{""label"":""anomaly"",""anomaly"":true}",
55,normal,anomaly,True,485,777,1262,0.000136,0.000311,"{""label"":""anomaly"",""anomaly"":true}",
56,normal,anomaly,True,443,922,1365,0.000124,0.000369,"{""label"":""anomaly"",""anomaly"":true}",
57,normal,anomaly,True,443,898,1341,0.000124,0.000359,"{""label"":""anomaly"",""anomaly"":true}",
58,normal,anomaly,True,2441,667,3108,0.000683,0.000267,"{""label"":""anomaly"",""anomaly"":true}",
59,normal,anomaly,True,461,1092,1553,0.000129,0.000437,"{""label"":""anomaly"",""anomaly"":true}",
60,normal,anomaly,True,461,1184,1645,0.000129,0.000474,"{""label"": ""anomaly"", ""anomaly"": true}",
61,normal,normal,False,497,2010,2507,0.000139,0.000804,"{""label"":""normal"",""anomaly"":false}",
62,normal,anomaly,True,461,1744,2205,0.000129,0.000698,"{""label"": ""anomaly"", ""anomaly"": true}",
63,normal,anomaly,True,461,656,1117,0.000129,0.000262,"{""label"":""anomaly"",""anomaly"":true}",
64,normal,anomaly,True,461,1040,1501,0.000129,0.000416,"{""label"":""anomaly"",""anomaly"":true}",
65,normal,anomaly,True,461,1598,2059,0.000129,0.000639,"{""label"":""anomaly"",""anomaly"":true}",
66,normal,anomaly,True,461,1075,1536,0.000129,0.000430,"{""label"":""anomaly"",""anomaly"":true}",
67,normal,anomaly,True,401,657,1058,0.000112,0.000263,"{""label"":""anomaly"",""anomaly"":true}",
68,normal,anomaly,True,421,449,870,0.000118,0.000180,"{""label"":""anomaly"",""anomaly"":true}",
69,normal,normal,False,331,1442,1773,0.000093,0.000577,"{""label"": ""normal"", ""anomaly"": false}",
70,normal,anomaly,True,443,1168,1611,0.000124,0.000467,"{""label"":""anomaly"",""anomaly"":true}",
71,normal,anomaly,True,373,956,1329,0.000104,0.000382,"{""label"": ""anomaly"", ""anomaly"": true}",
72,normal,anomaly,True,409,538,947,0.000115,0.000215,"{""label"":""anomaly"",""anomaly"":true}",
73,normal,anomaly,True,443,1050,1493,0.000124,0.000420,"{""label"": ""anomaly"", ""anomaly"": true}",
74,normal,anomaly,True,5359,523,5882,0.001501,0.000209,"{""label"": ""anomaly"", ""anomaly"": true}",
75,normal,anomaly,True,479,530,1009,0.000134,0.000212,"{""label"":""anomaly"",""anomaly"":true}",
76,normal,anomaly,True,443,715,1158,0.000124,0.000286,"{""label"":""anomaly"",""anomaly"":true}",
77,normal,anomaly,True,443,679,1122,0.000124,0.000272,"{""label"": ""anomaly"", ""anomaly"": true}",
78,normal,anomaly,True,443,1547,1990,0.000124,0.000619,"{""label"":""anomaly"",""anomaly"":true}",
79,normal,anomaly,True,443,1104,1547,0.000124,0.000442,"{""label"":""anomaly"",""anomaly"":true}",
80,normal,anomaly,True,397,588,985,0.000111,0.000235,"{""label"":""anomaly"",""anomaly"":true}",
81,normal,anomaly,True,373,542,915,0.000104,0.000217,"{""label"":""anomaly"",""anomaly"":true}",
82,normal,anomaly,True,423,529,952,0.000118,0.000212,"{""label"":""anomaly"",""anomaly"":true}",
83,normal,anomaly,True,385,701,1086,0.000108,0.000280,"{""label"":""anomaly"",""anomaly"":true}",
84,normal,anomaly,True,443,1023,1466,0.000124,0.000409,"{""label"": ""anomaly"", ""anomaly"": true}",
85,normal,anomaly,True,443,580,1023,0.000124,0.000232,"{""label"":""anomaly"",""anomaly"":true}",
86,normal,anomaly,True,555,784,1339,0.000155,0.000314,"{""label"":""anomaly"",""anomaly"":true}",
87,normal,anomaly,True,385,509,894,0.000108,0.000204,"{""label"":""anomaly"",""anomaly"":true}",
88,normal,anomaly,True,361,1056,1417,0.000101,0.000422,"{""label"": ""anomaly"", ""anomaly"": true}",
89,normal,anomaly,True,561,798,1359,0.000157,0.000319,"{""label"":""anomaly"",""anomaly"":true}",
90,normal,anomaly,True,385,597,982,0.000108,0.000239,"{""label"":""anomaly"",""anomaly"":true}",
91,normal,anomaly,True,389,533,922,0.000109,0.000213,"{""label"":""anomaly"",""anomaly"":true}",
92,normal,anomaly,True,443,1003,1446,0.000124,0.000401,"{""label"":""anomaly"",""anomaly"":true}",
93,normal,anomaly,True,443,746,1189,0.000124,0.000298,"{""label"":""anomaly"",""anomaly"":true}",
94,normal,anomaly,True,373,551,924,0.000104,0.000220,"{""label"":""anomaly"",""anomaly"":true}",
95,normal,anomaly,True,365,1155,1520,0.000102,0.000462,"{""label"": ""anomaly"", ""anomaly"": true}",
96,normal,anomaly,True,443,922,1365,0.000124,0.000369,"{""label"":""anomaly"",""anomaly"":true}",
97,normal,anomaly,True,395,981,1376,0.000111,0.000392,"{""label"":""anomaly"",""anomaly"":true}",
98,normal,anomaly,True,455,984,1439,0.000127,0.000394,"{""label"":""anomaly"",""anomaly"":true}",
99,normal,anomaly,True,2927,889,3816,0.000820,0.000356,"{""label"":""anomaly"",""anomaly"":true}",
100,normal,anomaly,True,455,633,1088,0.000127,0.000253,"{""label"":""anomaly"",""anomaly"":true}",
101,normal,anomaly,True,389,586,975,0.000109,0.000234,"{""label"":""anomaly"",""anomaly"":true}",
102,normal,anomaly,True,455,1060,1515,0.000127,0.000424,"{""label"": ""anomaly"", ""anomaly"": true}",
103,normal,anomaly,True,377,605,982,0.000106,0.000242,"{""label"":""anomaly"",""anomaly"":true}",
104,normal,anomaly,True,413,603,1016,0.000116,0.000241,"{""label"":""anomaly"",""anomaly"":true}",
105,normal,anomaly,True,483,726,1209,0.000135,0.000290,"{""label"":""anomaly"",""anomaly"":true}",
106,normal,anomaly,True,455,687,1142,0.000127,0.000275,"{""label"":""anomaly"",""anomaly"":true}",
107,normal,anomaly,True,455,696,1151,0.000127,0.000278,"{""label"":""anomaly"",""anomaly"":true}",
108,normal,anomaly,True,455,1018,1473,0.000127,0.000407,"{""label"":""anomaly"",""anomaly"":true}",
109,normal,anomaly,True,455,1000,1455,0.000127,0.000400,"{""label"":""anomaly"",""anomaly"":true}",
110,normal,anomaly,True,455,1111,1566,0.000127,0.000444,"{""label"":""anomaly"",""anomaly"":true}",
111,normal,anomaly,True,455,823,1278,0.000127,0.000329,"{""label"":""anomaly"",""anomaly"":true}",
112,normal,anomaly,True,455,1278,1733,0.000127,0.000511,"{""label"":""anomaly"",""anomaly"":true}",
113,normal,anomaly,True,461,1229,1690,0.000129,0.000492,"{""label"": ""anomaly"", ""anomaly"": true}",
114,normal,anomaly,True,529,1193,1722,0.000148,0.000477,"{""label"":""anomaly"",""anomaly"":true}",
115,normal,anomaly,True,461,1225,1686,0.000129,0.000490,"{""label"": ""anomaly"", ""anomaly"": true}",
116,normal,anomaly,True,461,1107,1568,0.000129,0.000443,"{""label"":""anomaly"",""anomaly"":true}",
117,normal,anomaly,True,385,585,970,0.000108,0.000234,"{""label"":""anomaly"",""anomaly"":true}",
118,normal,anomaly,True,401,768,1169,0.000112,0.000307,"{""label"":""anomaly"",""anomaly"":true}",
119,normal,anomaly,True,4761,733,5494,0.001333,0.000293,"{""label"":""anomaly"",""anomaly"":true}",
120,normal,anomaly,True,461,1289,1750,0.000129,0.000516,"{""label"":""anomaly"",""anomaly"":true}",
121,normal,anomaly,True,455,784,1239,0.000127,0.000314,"{""label"":""anomaly"",""anomaly"":true}",
122,normal,anomaly,True,461,939,1400,0.000129,0.000376,"{""label"":""anomaly"",""anomaly"":true}",
123,normal,anomaly,True,449,1149,1598,0.000126,0.000460,"{""label"":""anomaly"",""anomaly"":true}",
124,normal,,,0,0,0,0.000000,0.000000,error: Expecting value: line 1 column 1 (char 0),Expecting value: line 1 column 1 (char 0)
125,normal,anomaly,True,475,746,1221,0.000133,0.000298,"{""label"":""anomaly"",""anomaly"":true}",
126,normal,anomaly,True,449,801,1250,0.000126,0.000320,"{""label"": ""anomaly"", ""anomaly"": true}",
127,normal,anomaly,True,449,679,1128,0.000126,0.000272,"{""label"": ""anomaly"", ""anomaly"": true}",
128,normal,anomaly,True,449,1496,1945,0.000126,0.000598,"{""label"": ""anomaly"", ""anomaly"": true}",
129,normal,anomaly,True,449,838,1287,0.000126,0.000335,"{""label"":""anomaly"",""anomaly"":true}",
130,normal,anomaly,True,425,1121,1546,0.000119,0.000448,"{""label"":""anomaly"",""anomaly"":true}",
131,normal,anomaly,True,1963,456,2419,0.000550,0.000182,"{""label"":""anomaly"",""anomaly"":true}",
132,normal,anomaly,True,409,956,1365,0.000115,0.000382,"{""label"":""anomaly"",""anomaly"":true}",
133,normal,anomaly,True,449,1114,1563,0.000126,0.000446,"{""label"":""anomaly"",""anomaly"":true}",
134,normal,anomaly,True,449,1410,1859,0.000126,0.000564,"{""label"": ""anomaly"", ""anomaly"": true}",
135,normal,anomaly,True,443,873,1316,0.000124,0.000349,"{""label"":""anomaly"",""anomaly"":true}",
136,normal,anomaly,True,455,556,1011,0.000127,0.000222,"{""label"":""anomaly"",""anomaly"":true}",
137,normal,anomaly,True,455,940,1395,0.000127,0.000376,"{""label"":""anomaly"",""anomaly"":true}",
138,normal,anomaly,True,455,1289,1744,0.000127,0.000516,"{""label"": ""anomaly"", ""anomaly"": true}",
139,normal,anomaly,True,455,1187,1642,0.000127,0.000475,"{""label"":""anomaly"",""anomaly"":true}",
140,normal,anomaly,True,455,1158,1613,0.000127,0.000463,"{""label"":""anomaly"",""anomaly"":true}",
141,normal,anomaly,True,455,1518,1973,0.000127,0.000607,"{""label"":""anomaly"",""anomaly"":true}",
142,normal,anomaly,True,455,914,1369,0.000127,0.000366,"{""label"":""anomaly"",""anomaly"":true}",
143,normal,anomaly,True,455,663,1118,0.000127,0.000265,"{""label"":""anomaly"",""anomaly"":true}",
144,normal,anomaly,True,455,789,1244,0.000127,0.000316,"{""label"":""anomaly"",""anomaly"":true}",
145,normal,anomaly,True,395,634,1029,0.000111,0.000254,"{""label"":""anomaly"",""anomaly"":true}",
146,normal,anomaly,True,365,926,1291,0.000102,0.000370,"{""label"": ""anomaly"", ""anomaly"": true}",
147,normal,anomaly,True,433,596,1029,0.000121,0.000238,"{""label"":""anomaly"",""anomaly"":true}",
148,normal,anomaly,True,3047,487,3534,0.000853,0.000195,"{""label"":""anomaly"",""anomaly"":true}",
149,normal,anomaly,True,361,1323,1684,0.000101,0.000529,"{""label"": ""anomaly"", ""anomaly"": true}",
150,anomaly,anomaly,True,443,1344,1787,0.000124,0.000538,"{""label"": ""anomaly"", ""anomaly"": true}",
151,anomaly,anomaly,True,2397,706,3103,0.000671,0.000282,"{""label"":""anomaly"",""anomaly"":true}",
152,anomaly,anomaly,True,443,794,1237,0.000124,0.000318,"{""label"":""anomaly"",""anomaly"":true}",
153,anomaly,anomaly,True,443,894,1337,0.000124,0.000358,"{""label"":""anomaly"",""anomaly"":true}",
154,anomaly,anomaly,True,443,1179,1622,0.000124,0.000472,"{""label"": ""anomaly"", ""anomaly"": true}",
155,anomaly,anomaly,True,443,1070,1513,0.000124,0.000428,"{""label"":""anomaly"",""anomaly"":true}",
156,anomaly,anomaly,True,443,1234,1677,0.000124,0.000494,"{""label"": ""anomaly"", ""anomaly"": true}",
157,anomaly,anomaly,True,443,1103,1546,0.000124,0.000441,"{""label"":""anomaly"",""anomaly"":true}",
158,anomaly,anomaly,True,501,1022,1523,0.000140,0.000409,"{""label"": ""anomaly"", ""anomaly"": true}",
159,anomaly,anomaly,True,443,811,1254,0.000124,0.000324,"{""label"":""anomaly"",""anomaly"":true}",
160,anomaly,anomaly,True,419,722,1141,0.000117,0.000289,"{""label"":""anomaly"",""anomaly"":true}",
161,anomaly,anomaly,True,443,834,1277,0.000124,0.000334,"{""label"":""anomaly"",""anomaly"":true}",
162,anomaly,anomaly,True,4303,689,4992,0.001205,0.000276,"{""label"":""anomaly"",""anomaly"":true}",
163,anomaly,anomaly,True,461,1206,1667,0.000129,0.000482,"{""label"": ""anomaly"", ""anomaly"": true}",
164,anomaly,anomaly,True,409,556,965,0.000115,0.000222,"{""label"":""anomaly"",""anomaly"":true}",
165,anomaly,anomaly,True,385,511,896,0.000108,0.000204,"{""label"":""anomaly"",""anomaly"":true}",
166,anomaly,anomaly,True,461,942,1403,0.000129,0.000377,"{""label"":""anomaly"",""anomaly"":true}",
167,anomaly,anomaly,True,413,562,975,0.000116,0.000225,"{""label"":""anomaly"",""anomaly"":true}",
168,anomaly,anomaly,True,397,511,908,0.000111,0.000204,"{""label"": ""anomaly"", ""anomaly"": true}",
169,anomaly,,,0,0,0,0.000000,0.000000,"error: Response validation failed: 4 validation errors for Unmarshaller
body.id
  Field required [type=missing, input_value={'error': {'message': 'Gr...QwosiebOCT53A7bVWRgRp9'}, input_type=dict]
    For further information visit https://errors.pydantic.dev/2.12/v/missing
body.choices
  Field required [type=missing, input_value={'error': {'message': 'Gr...QwosiebOCT53A7bVWRgRp9'}, input_type=dict]
    For further information visit https://errors.pydantic.dev/2.12/v/missing
body.created
  Field required [type=missing, input_value={'error': {'message': 'Gr...QwosiebOCT53A7bVWRgRp9'}, input_type=dict]
    For further information visit https://errors.pydantic.dev/2.12/v/missing
body.model
  Field required [type=missing, input_value={'error': {'message': 'Gr...QwosiebOCT53A7bVWRgRp9'}, input_type=dict]
    For further information visit https://errors.pydantic.dev/2.12/v/missing","Response validation failed: 4 validation errors for Unmarshaller
body.id
  Field required [type=missing, input_value={'error': {'message': 'Gr...QwosiebOCT53A7bVWRgRp9'}, input_type=dict]
    For further information visit https://errors.pydantic.dev/2.12/v/missing
body.choices
  Field required [type=missing, input_value={'error': {'message': 'Gr...QwosiebOCT53A7bVWRgRp9'}, input_type=dict]
    For further information visit https://errors.pydantic.dev/2.12/v/missing
body.created
  Field required [type=missing, input_value={'error': {'message': 'Gr...QwosiebOCT53A7bVWRgRp9'}, input_type=dict]
    For further information visit https://errors.pydantic.dev/2.12/v/missing
body.model
  Field required [type=missing, input_value={'error': {'message': 'Gr...QwosiebOCT53A7bVWRgRp9'}, input_type=dict]
    For further information visit https://errors.pydantic.dev/2.12/v/missing"
170,anomaly,anomaly,True,461,934,1395,0.000129,0.000374,"{""label"":""anomaly"",""anomaly"":true}",
171,anomaly,anomaly,True,525,878,1403,0.000147,0.000351,"{""label"":""anomaly"",""anomaly"":true}",
172,anomaly,anomaly,True,401,519,920,0.000112,0.000208,"{""label"":""anomaly"",""anomaly"":true}",
173,anomaly,anomaly,True,461,888,1349,0.000129,0.000355,"{""label"":""anomaly"",""anomaly"":true}",
174,anomaly,anomaly,True,421,674,1095,0.000118,0.000270,"{""label"":""anomaly"",""anomaly"":true}",
175,anomaly,anomaly,True,455,1168,1623,0.000127,0.000467,"{""label"":""anomaly"",""anomaly"":true}",
176,anomaly,anomaly,True,461,1319,1780,0.000129,0.000528,"{""label"": ""anomaly"", ""anomaly"": true}",
177,anomaly,anomaly,True,461,1131,1592,0.000129,0.000452,"{""label"":""anomaly"",""anomaly"":true}",
178,anomaly,anomaly,True,461,857,1318,0.000129,0.000343,"{""label"": ""anomaly"", ""anomaly"": true}",
179,anomaly,anomaly,True,461,647,1108,0.000129,0.000259,"{""label"":""anomaly"",""anomaly"":true}",
180,anomaly,anomaly,True,4759,565,5324,0.001333,0.000226,"{""label"":""anomaly"",""anomaly"":true}",
181,anomaly,anomaly,True,409,509,918,0.000115,0.000204,"{""label"":""anomaly"",""anomaly"":true}",
182,anomaly,anomaly,True,385,890,1275,0.000108,0.000356,"{""label"": ""anomaly"", ""anomaly"": true}",
183,anomaly,anomaly,True,461,1324,1785,0.000129,0.000530,"{""label"":""anomaly"",""anomaly"":true}",
184,anomaly,anomaly,True,401,527,928,0.000112,0.000211,"{""label"":""anomaly"",""anomaly"":true}",
185,anomaly,anomaly,True,455,1168,1623,0.000127,0.000467,"{""label"":""anomaly"",""anomaly"":true}",
186,anomaly,anomaly,True,533,1436,1969,0.000149,0.000574,"{""label"": ""anomaly"", ""anomaly"": true}",
187,anomaly,anomaly,True,461,1421,1882,0.000129,0.000568,"{""label"":""anomaly"",""anomaly"":true}",
188,anomaly,anomaly,True,409,528,937,0.000115,0.000211,"{""label"":""anomaly"",""anomaly"":true}",
189,anomaly,anomaly,True,461,1221,1682,0.000129,0.000488,"{""label"":""anomaly"",""anomaly"":true}",
190,anomaly,anomaly,True,461,899,1360,0.000129,0.000360,"{""label"":""anomaly"",""anomaly"":true}",
191,anomaly,anomaly,True,385,574,959,0.000108,0.000230,"{""label"":""anomaly"",""anomaly"":true}",
192,anomaly,anomaly,True,421,603,1024,0.000118,0.000241,"{""label"":""anomaly"",""anomaly"":true}",
193,anomaly,anomaly,True,461,876,1337,0.000129,0.000350,"{""label"": ""anomaly"", ""anomaly"": true}",
194,anomaly,anomaly,True,433,554,987,0.000121,0.000222,"{""label"":""anomaly"",""anomaly"":true}",
195,anomaly,anomaly,True,451,822,1273,0.000126,0.000329,"{""label"":""anomaly"",""anomaly"":true}",
196,anomaly,anomaly,True,461,1045,1506,0.000129,0.000418,"{""label"":""anomaly"",""anomaly"":true}",
197,anomaly,anomaly,True,461,1396,1857,0.000129,0.000558,"{""label"": ""anomaly"", ""anomaly"": true}",
198,anomaly,anomaly,True,449,904,1353,0.000126,0.000362,"{""label"":""anomaly"",""anomaly"":true}",
199,anomaly,anomaly,True,449,721,1170,0.000126,0.000288,"{""label"":""anomaly"",""anomaly"":true}",
200,anomaly,anomaly,True,425,1060,1485,0.000119,0.000424,"{""label"":""anomaly"",""anomaly"":true}",
201,anomaly,anomaly,True,439,964,1403,0.000123,0.000386,"{""label"":""anomaly"",""anomaly"":true}",
202,anomaly,anomaly,True,443,1038,1481,0.000124,0.000415,"{""label"":""anomaly"",""anomaly"":true}",
203,anomaly,anomaly,True,353,1053,1406,0.000099,0.000421,"{""label"": ""anomaly"", ""anomaly"": true}",
204,anomaly,anomaly,True,443,1215,1658,0.000124,0.000486,"{""label"":""anomaly"",""anomaly"":true}",
205,anomaly,anomaly,True,443,790,1233,0.000124,0.000316,"{""label"": ""anomaly"", ""anomaly"": true}",
206,anomaly,anomaly,True,393,528,921,0.000110,0.000211,"{""label"":""anomaly"",""anomaly"":true}",
207,anomaly,anomaly,True,443,1052,1495,0.000124,0.000421,"{""label"":""anomaly"",""anomaly"":true}",
208,anomaly,anomaly,True,443,738,1181,0.000124,0.000295,"{""label"":""anomaly"",""anomaly"":true}",
209,anomaly,anomaly,True,443,942,1385,0.000124,0.000377,"{""label"":""anomaly"",""anomaly"":true}",
210,anomaly,anomaly,True,409,710,1119,0.000115,0.000284,"{""label"":""anomaly"",""anomaly"":true}",
211,anomaly,anomaly,True,6089,421,6510,0.001705,0.000168,"{""label"":""anomaly"",""anomaly"":true}",
212,anomaly,anomaly,True,443,787,1230,0.000124,0.000315,"{""label"":""anomaly"",""anomaly"":true}",
213,anomaly,anomaly,True,533,599,1132,0.000149,0.000240,"{""label"":""anomaly"",""anomaly"":true}",
214,anomaly,anomaly,True,443,875,1318,0.000124,0.000350,"{""label"":""anomaly"",""anomaly"":true}",
215,anomaly,anomaly,True,2323,594,2917,0.000650,0.000238,"{""label"":""anomaly"",""anomaly"":true}",
216,anomaly,anomaly,True,449,770,1219,0.000126,0.000308,"{""label"":""anomaly"",""anomaly"":true}",
217,anomaly,anomaly,True,449,817,1266,0.000126,0.000327,"{""label"":""anomaly"",""anomaly"":true}",
218,anomaly,anomaly,True,449,901,1350,0.000126,0.000360,"{""label"":""anomaly"",""anomaly"":true}",
219,anomaly,anomaly,True,493,726,1219,0.000138,0.000290,"{""label"":""anomaly"",""anomaly"":true}",
220,anomaly,anomaly,True,449,1121,1570,0.000126,0.000448,"{""label"":""anomaly"",""anomaly"":true}",
221,anomaly,anomaly,True,449,861,1310,0.000126,0.000344,"{""label"":""anomaly"",""anomaly"":true}",
222,anomaly,anomaly,True,449,1066,1515,0.000126,0.000426,"{""label"":""anomaly"",""anomaly"":true}",
223,anomaly,anomaly,True,449,968,1417,0.000126,0.000387,"{""label"": ""anomaly"", ""anomaly"": true}",
224,anomaly,anomaly,True,425,940,1365,0.000119,0.000376,"{""label"":""anomaly"",""anomaly"":true}",
225,anomaly,anomaly,True,449,724,1173,0.000126,0.000290,"{""label"":""anomaly"",""anomaly"":true}",
226,anomaly,anomaly,True,449,740,1189,0.000126,0.000296,"{""label"":""anomaly"",""anomaly"":true}",
227,anomaly,anomaly,True,485,1013,1498,0.000136,0.000405,"{""label"": ""anomaly"", ""anomaly"": true}",
228,anomaly,anomaly,True,443,1133,1576,0.000124,0.000453,"{""label"":""anomaly"",""anomaly"":true}",
229,anomaly,anomaly,True,423,574,997,0.000118,0.000230,"{""label"": ""anomaly"", ""anomaly"": true}",
230,anomaly,anomaly,True,447,1202,1649,0.000125,0.000481,"{""label"":""anomaly"",""anomaly"":true}",
231,anomaly,anomaly,True,449,748,1197,0.000126,0.000299,"{""label"":""anomaly"",""anomaly"":true}",
232,anomaly,anomaly,True,443,1093,1536,0.000124,0.000437,"{""label"": ""anomaly"", ""anomaly"": true}",
233,anomaly,anomaly,True,353,1259,1612,0.000099,0.000504,"{""label"": ""anomaly"", ""anomaly"": true}",
234,anomaly,anomaly,True,439,954,1393,0.000123,0.000382,"{""label"":""anomaly"",""anomaly"":true}",
235,anomaly,anomaly,True,5683,531,6214,0.001591,0.000212,"{""label"":""anomaly"",""anomaly"":true}",
236,anomaly,anomaly,True,439,555,994,0.000123,0.000222,"{""label"":""anomaly"",""anomaly"":true}",
237,anomaly,anomaly,True,443,766,1209,0.000124,0.000306,"{""label"":""anomaly"",""anomaly"":true}",
238,anomaly,anomaly,True,443,989,1432,0.000124,0.000396,"{""label"":""anomaly"",""anomaly"":true}",
239,anomaly,anomaly,True,443,567,1010,0.000124,0.000227,"{""label"":""anomaly"",""anomaly"":true}",
240,anomaly,anomaly,True,443,863,1306,0.000124,0.000345,"{""label"":""anomaly"",""anomaly"":true}",
241,anomaly,anomaly,True,443,797,1240,0.000124,0.000319,"{""label"": ""anomaly"", ""anomaly"": true}",
242,anomaly,anomaly,True,439,698,1137,0.000123,0.000279,"{""label"":""anomaly"",""anomaly"":true}",
243,anomaly,anomaly,True,419,630,1049,0.000117,0.000252,"{""label"":""anomaly"",""anomaly"":true}",
244,anomaly,anomaly,True,443,983,1426,0.000124,0.000393,"{""label"":""anomaly"",""anomaly"":true}",
245,anomaly,anomaly,True,451,801,1252,0.000126,0.000320,"{""label"":""anomaly"",""anomaly"":true}",
246,anomaly,anomaly,True,523,1092,1615,0.000146,0.000437,"{""label"":""anomaly"",""anomaly"":true}",
247,anomaly,anomaly,True,461,844,1305,0.000129,0.000338,"{""label"":""anomaly"",""anomaly"":true}",
248,anomaly,anomaly,True,471,1071,1542,0.000132,0.000428,"{""label"":""anomaly"",""anomaly"":true}",
249,anomaly,anomaly,True,461,1194,1655,0.000129,0.000478,"{""label"":""anomaly"",""anomaly"":true}",
250,anomaly,anomaly,True,445,1064,1509,0.000125,0.000426,"{""label"": ""anomaly"", ""anomaly"": true}",
251,anomaly,anomaly,True,455,969,1424,0.000127,0.000388,"{""label"":""anomaly"",""anomaly"":true}",
252,anomaly,anomaly,True,1579,1680,3259,0.000442,0.000672,"{""label"":""anomaly"",""anomaly"":true}",
253,anomaly,anomaly,True,441,602,1043,0.000123,0.000241,"{""label"":""anomaly"",""anomaly"":true}",
254,anomaly,anomaly,True,455,772,1227,0.000127,0.000309,"{""label"":""anomaly"",""anomaly"":true}",
255,anomaly,anomaly,True,461,1086,1547,0.000129,0.000434,"{""label"":""anomaly"",""anomaly"":true}",
256,anomaly,anomaly,True,497,584,1081,0.000139,0.000234,"{""label"":""anomaly"",""anomaly"":true}",
257,anomaly,anomaly,True,4595,552,5147,0.001287,0.000221,"{""label"":""anomaly"",""anomaly"":true}",
258,anomaly,anomaly,True,461,947,1408,0.000129,0.000379,"{""label"":""anomaly"",""anomaly"":true}",
259,anomaly,anomaly,True,461,1003,1464,0.000129,0.000401,"{""label"":""anomaly"",""anomaly"":true}",
260,anomaly,anomaly,True,461,1374,1835,0.000129,0.000550,"{""label"": ""anomaly"", ""anomaly"": true}",
261,anomaly,anomaly,True,373,715,1088,0.000104,0.000286,"{""label"":""anomaly"",""anomaly"":true}",
262,anomaly,anomaly,True,451,847,1298,0.000126,0.000339,"{""label"":""anomaly"",""anomaly"":true}",
263,anomaly,anomaly,True,461,1061,1522,0.000129,0.000424,"{""label"":""anomaly"",""anomaly"":true}",
264,anomaly,anomaly,True,401,730,1131,0.000112,0.000292,"{""label"":""anomaly"",""anomaly"":true}",
265,anomaly,anomaly,True,455,748,1203,0.000127,0.000299,"{""label"":""anomaly"",""anomaly"":true}",
266,anomaly,anomaly,True,527,979,1506,0.000148,0.000392,"{""label"":""anomaly"",""anomaly"":true}",
267,anomaly,anomaly,True,455,991,1446,0.000127,0.000396,"{""label"": ""anomaly"", ""anomaly"": true}",
268,anomaly,anomaly,True,455,1069,1524,0.000127,0.000428,"{""label"": ""anomaly"", ""anomaly"": true}",
269,anomaly,anomaly,True,421,450,871,0.000118,0.000180,"{""label"":""anomaly"",""anomaly"":true}",
270,anomaly,anomaly,True,433,911,1344,0.000121,0.000364,"{""label"":""anomaly"",""anomaly"":true}",
271,anomaly,anomaly,True,455,1440,1895,0.000127,0.000576,"{""label"": ""anomaly"", ""anomaly"": true}",
272,anomaly,anomaly,True,455,754,1209,0.000127,0.000302,"{""label"":""anomaly"",""anomaly"":true}",
273,anomaly,anomaly,True,409,636,1045,0.000115,0.000254,"{""label"":""anomaly"",""anomaly"":true}",
274,anomaly,anomaly,True,455,1118,1573,0.000127,0.000447,"{""label"": ""anomaly"", ""anomaly"": true}",
275,anomaly,anomaly,True,4031,488,4519,0.001129,0.000195,"{""label"":""anomaly"",""anomaly"":true}",
276,anomaly,anomaly,True,461,1300,1761,0.000129,0.000520,"{""label"": ""anomaly"", ""anomaly"": true}",
277,anomaly,anomaly,True,455,925,1380,0.000127,0.000370,"{""label"":""anomaly"",""anomaly"":true}",
278,anomaly,anomaly,True,455,1353,1808,0.000127,0.000541,"{""label"": ""anomaly"", ""anomaly"": true}",
279,anomaly,anomaly,True,395,641,1036,0.000111,0.000256,"{""label"":""anomaly"",""anomaly"":true}",
280,anomaly,anomaly,True,449,1137,1586,0.000126,0.000455,"{""label"":""anomaly"",""anomaly"":true}",
281,anomaly,anomaly,True,521,766,1287,0.000146,0.000306,"{""label"":""anomaly"",""anomaly"":true}",
282,anomaly,anomaly,True,409,663,1072,0.000115,0.000265,"{""label"":""anomaly"",""anomaly"":true}",
283,anomaly,anomaly,True,4291,668,4959,0.001201,0.000267,"{""label"": ""anomaly"", ""anomaly"": true}",
284,anomaly,anomaly,True,397,710,1107,0.000111,0.000284,"{""label"":""anomaly"",""anomaly"":true}",
285,anomaly,anomaly,True,501,854,1355,0.000140,0.000342,"{""label"":""anomaly"",""anomaly"":true}",
286,anomaly,anomaly,True,449,1222,1671,0.000126,0.000489,"{""label"":""anomaly"",""anomaly"":true}",
287,anomaly,anomaly,True,401,631,1032,0.000112,0.000252,"{""label"":""anomaly"",""anomaly"":true}",
288,anomaly,anomaly,True,449,1182,1631,0.000126,0.000473,"{""label"":""anomaly"",""anomaly"":true}",
289,anomaly,anomaly,True,449,1054,1503,0.000126,0.000422,"{""label"":""anomaly"",""anomaly"":true}",
290,anomaly,anomaly,True,423,575,998,0.000118,0.000230,"{""label"":""anomaly"",""anomaly"":true}",
291,anomaly,anomaly,True,415,679,1094,0.000116,0.000272,"{""label"":""anomaly"",""anomaly"":true}",
292,anomaly,anomaly,True,449,988,1437,0.000126,0.000395,"{""label"":""anomaly"",""anomaly"":true}",
293,anomaly,anomaly,True,449,1376,1825,0.000126,0.000550,"{""label"":""anomaly"",""anomaly"":true}",
294,anomaly,anomaly,True,463,636,1099,0.000130,0.000254,"{""label"": ""anomaly"", ""anomaly"": true}",
295,anomaly,anomaly,True,419,550,969,0.000117,0.000220,"{""label"": ""anomaly"", ""anomaly"": true}",
296,anomaly,,,0,0,0,0.000000,0.000000,error: Expecting value: line 1 column 1 (char 0),Expecting value: line 1 column 1 (char 0)
297,anomaly,anomaly,True,449,629,1078,0.000126,0.000252,"{""label"":""anomaly"",""anomaly"":true}",
298,anomaly,anomaly,True,421,565,986,0.000118,0.000226,"{""label"":""anomaly"",""anomaly"":true}",
299,anomaly,anomaly,True,439,932,1371,0.000123,0.000373,"{""label"":""anomaly"",""anomaly"":true}",
300,anomaly,anomaly,True,449,762,1211,0.000126,0.000305,"{""label"":""anomaly"",""anomaly"":true}",
301,anomaly,anomaly,True,449,1083,1532,0.000126,0.000433,"{""label"":""anomaly"",""anomaly"":true}",
302,anomaly,anomaly,True,455,751,1206,0.000127,0.000300,"{""label"":""anomaly"",""anomaly"":true}",
303,anomaly,anomaly,True,455,1596,2051,0.000127,0.000638,"{""label"":""anomaly"",""anomaly"":true}",
304,anomaly,anomaly,True,455,842,1297,0.000127,0.000337,"{""label"":""anomaly"",""anomaly"":true}",
305,anomaly,anomaly,True,395,668,1063,0.000111,0.000267,"{""label"":""anomaly"",""anomaly"":true}",
306,anomaly,anomaly,True,455,1025,1480,0.000127,0.000410,"{""label"":""anomaly"",""anomaly"":true}",
307,anomaly,anomaly,True,455,1081,1536,0.000127,0.000432,"{""label"": ""anomaly"", ""anomaly"": true}",
308,anomaly,anomaly,True,451,850,1301,0.000126,0.000340,"{""label"":""anomaly"",""anomaly"":true}",
309,anomaly,anomaly,True,409,771,1180,0.000115,0.000308,"{""label"":""anomaly"",""anomaly"":true}",
310,anomaly,anomaly,True,455,977,1432,0.000127,0.000391,"{""label"":""anomaly"",""anomaly"":true}",
311,anomaly,anomaly,True,455,823,1278,0.000127,0.000329,"{""label"":""anomaly"",""anomaly"":true}",
312,anomaly,anomaly,True,3281,775,4056,0.000919,0.000310,"{""label"":""anomaly"",""anomaly"":true}",
313,anomaly,anomaly,True,455,1265,1720,0.000127,0.000506,"{""label"":""anomaly"",""anomaly"":true}",
314,anomaly,anomaly,True,455,1246,1701,0.000127,0.000498,"{""label"": ""anomaly"", ""anomaly"": true}",
315,anomaly,anomaly,True,455,1214,1669,0.000127,0.000486,"{""label"": ""anomaly"", ""anomaly"": true}",
316,anomaly,anomaly,True,373,585,958,0.000104,0.000234,"{""label"":""anomaly"",""anomaly"":true}",
317,anomaly,anomaly,True,389,705,1094,0.000109,0.000282,"{""label"":""anomaly"",""anomaly"":true}",
318,anomaly,anomaly,True,577,680,1257,0.000162,0.000272,"{""label"":""anomaly"",""anomaly"":true}",
319,anomaly,anomaly,True,461,850,1311,0.000129,0.000340,"{""label"": ""anomaly"", ""anomaly"": true}",
320,anomaly,anomaly,True,483,906,1389,0.000135,0.000362,"{""label"":""anomaly"",""anomaly"":true}",
321,anomaly,anomaly,True,557,620,1177,0.000156,0.000248,"{""label"":""anomaly"",""anomaly"":true}",
322,anomaly,anomaly,True,605,597,1202,0.000169,0.000239,"{""label"":""anomaly"",""anomaly"":true}",
323,anomaly,anomaly,True,461,684,1145,0.000129,0.000274,"{""label"":""anomaly"",""anomaly"":true}",
324,anomaly,anomaly,True,1831,1089,2920,0.000513,0.000436,"{""label"":""anomaly"",""anomaly"":true}",
325,anomaly,anomaly,True,577,643,1220,0.000162,0.000257,"{""label"":""anomaly"",""anomaly"":true}",
326,anomaly,anomaly,True,577,657,1234,0.000162,0.000263,"{""label"":""anomaly"",""anomaly"":true}",
327,anomaly,anomaly,True,461,904,1365,0.000129,0.000362,"{""label"":""anomaly"",""anomaly"":true}",
328,anomaly,anomaly,True,461,1015,1476,0.000129,0.000406,"{""label"":""anomaly"",""anomaly"":true}",
329,anomaly,anomaly,True,455,1667,2122,0.000127,0.000667,"{""label"":""anomaly"",""anomaly"":true}",
330,anomaly,anomaly,True,559,668,1227,0.000157,0.000267,"{""label"":""anomaly"",""anomaly"":true}",
331,anomaly,anomaly,True,433,637,1070,0.000121,0.000255,"{""label"":""anomaly"",""anomaly"":true}",
332,anomaly,anomaly,True,377,802,1179,0.000106,0.000321,"{""label"": ""anomaly"", ""anomaly"": true}",
333,anomaly,anomaly,True,461,1076,1537,0.000129,0.000430,"{""label"":""anomaly"",""anomaly"":true}",
334,anomaly,anomaly,True,373,540,913,0.000104,0.000216,"{""label"":""anomaly"",""anomaly"":true}",
335,anomaly,anomaly,True,461,970,1431,0.000129,0.000388,"{""label"":""anomaly"",""anomaly"":true}",
336,anomaly,anomaly,True,397,567,964,0.000111,0.000227,"{""label"": ""anomaly"", ""anomaly"": true}",
337,anomaly,anomaly,True,577,709,1286,0.000162,0.000284,"{""label"":""anomaly"",""anomaly"":true}",
338,anomaly,anomaly,True,545,602,1147,0.000153,0.000241,"{""label"":""anomaly"",""anomaly"":true}",
339,anomaly,anomaly,True,3277,640,3917,0.000918,0.000256,"{""label"":""anomaly"",""anomaly"":true}",
340,anomaly,anomaly,True,395,899,1294,0.000111,0.000360,"{""label"": ""anomaly"", ""anomaly"": true}",
341,anomaly,anomaly,True,461,1168,1629,0.000129,0.000467,"{""label"":""anomaly"",""anomaly"":true}",
342,anomaly,anomaly,True,409,951,1360,0.000115,0.000380,"{""label"": ""anomaly"", ""anomaly"": true}",
343,anomaly,anomaly,True,4407,355,4762,0.001234,0.000142,"{""label"":""anomaly"",""anomaly"":true}",
344,anomaly,anomaly,True,397,428,825,0.000111,0.000171,"{""label"":""anomaly"",""anomaly"":true}",
345,anomaly,anomaly,True,461,1398,1859,0.000129,0.000559,"{""label"":""anomaly"",""anomaly"":true}",
346,anomaly,anomaly,True,461,1038,1499,0.000129,0.000415,"{""label"": ""anomaly"", ""anomaly"": true}",
347,anomaly,anomaly,True,561,601,1162,0.000157,0.000240,"{""label"":""anomaly"",""anomaly"":true}",
348,anomaly,anomaly,True,413,630,1043,0.000116,0.000252,"{""label"":""anomaly"",""anomaly"":true}",
349,anomaly,anomaly,True,461,1229,1690,0.000129,0.000492,"{""label"":""anomaly"",""anomaly"":true}",
350,anomaly,anomaly,True,461,831,1292,0.000129,0.000332,"{""label"": ""anomaly"", ""anomaly"": true}",
351,anomaly,anomaly,True,461,806,1267,0.000129,0.000322,"{""label"":""anomaly"",""anomaly"":true}",
352,anomaly,anomaly,True,461,1202,1663,0.000129,0.000481,"{""label"":""anomaly"",""anomaly"":true}",
353,anomaly,anomaly,True,421,972,1393,0.000118,0.000389,"{""label"":""anomaly"",""anomaly"":true}",
354,anomaly,normal,False,479,1403,1882,0.000134,0.000561,"{""label"":""normal"",""anomaly"":false}",
355,anomaly,anomaly,True,461,1114,1575,0.000129,0.000446,"{""label"":""anomaly"",""anomaly"":true}",
356,anomaly,anomaly,True,461,896,1357,0.000129,0.000358,"{""label"":""anomaly"",""anomaly"":true}",
357,anomaly,anomaly,True,409,467,876,0.000115,0.000187,"{""label"":""anomaly"",""anomaly"":true}",
358,anomaly,anomaly,True,461,1054,1515,0.000129,0.000422,"{""label"":""anomaly"",""anomaly"":true}",
359,anomaly,anomaly,True,401,580,981,0.000112,0.000232,"{""label"": ""anomaly"", ""anomaly"": true}",
360,anomaly,anomaly,True,1701,584,2285,0.000476,0.000234,"{""label"":""anomaly"",""anomaly"":true}",
361,anomaly,anomaly,True,433,907,1340,0.000121,0.000363,"{""label"": ""anomaly"", ""anomaly"": true}",
362,anomaly,anomaly,True,665,1007,1672,0.000186,0.000403,"{""label"": ""anomaly"", ""anomaly"": true}",
363,anomaly,anomaly,True,401,646,1047,0.000112,0.000258,"{""label"":""anomaly"",""anomaly"":true}",
364,anomaly,anomaly,True,451,962,1413,0.000126,0.000385,"{""label"":""anomaly"",""anomaly"":true}",
365,anomaly,anomaly,True,373,509,882,0.000104,0.000204,"{""label"":""anomaly"",""anomaly"":true}",
366,anomaly,anomaly,True,353,909,1262,0.000099,0.000364,"{""label"":""anomaly"",""anomaly"":true}",
367,anomaly,anomaly,True,409,542,951,0.000115,0.000217,"{""label"":""anomaly"",""anomaly"":true}",
368,anomaly,anomaly,True,6741,558,7299,0.001887,0.000223,"{""label"":""anomaly"",""anomaly"":true}",
369,anomaly,anomaly,True,443,783,1226,0.000124,0.000313,"{""label"": ""anomaly"", ""anomaly"": true}",
370,anomaly,anomaly,True,423,510,933,0.000118,0.000204,"{""label"": ""anomaly"", ""anomaly"": true}",
371,anomaly,anomaly,True,443,987,1430,0.000124,0.000395,"{""label"":""anomaly"",""anomaly"":true}",
372,anomaly,anomaly,True,443,1084,1527,0.000124,0.000434,"{""label"":""anomaly"",""anomaly"":true}",
373,anomaly,anomaly,True,443,832,1275,0.000124,0.000333,"{""label"":""anomaly"",""anomaly"":true}",
374,anomaly,anomaly,True,439,997,1436,0.000123,0.000399,"{""label"":""anomaly"",""anomaly"":true}",
375,anomaly,anomaly,True,443,958,1401,0.000124,0.000383,"{""label"":""anomaly"",""anomaly"":true}",
376,anomaly,anomaly,True,579,1113,1692,0.000162,0.000445,"{""label"":""anomaly"",""anomaly"":true}",
377,anomaly,anomaly,True,443,1325,1768,0.000124,0.000530,"{""label"":""anomaly"",""anomaly"":true}",
378,anomaly,anomaly,True,443,1197,1640,0.000124,0.000479,"{""label"":""anomaly"",""anomaly"":true}",
379,anomaly,anomaly,True,443,762,1205,0.000124,0.000305,"{""label"":""anomaly"",""anomaly"":true}",
380,anomaly,anomaly,True,439,865,1304,0.000123,0.000346,"{""label"":""anomaly"",""anomaly"":true}",
381,anomaly,anomaly,True,443,1548,1991,0.000124,0.000619,"{""label"":""anomaly"",""anomaly"":true}",
382,anomaly,anomaly,True,449,1137,1586,0.000126,0.000455,"{""label"":""anomaly"",""anomaly"":true}",
383,anomaly,anomaly,True,449,1078,1527,0.000126,0.000431,"{""label"":""anomaly"",""anomaly"":true}",
384,anomaly,anomaly,True,397,558,955,0.000111,0.000223,"{""label"":""anomaly"",""anomaly"":true}",
385,anomaly,anomaly,True,443,1148,1591,0.000124,0.000459,"{""label"": ""anomaly"", ""anomaly"": true}",
386,anomaly,anomaly,True,443,615,1058,0.000124,0.000246,"{""label"":""anomaly"",""anomaly"":true}",
387,anomaly,anomaly,True,377,681,1058,0.000106,0.000272,"{""label"":""anomaly"",""anomaly"":true}",
388,anomaly,anomaly,True,443,1064,1507,0.000124,0.000426,"{""label"": ""anomaly"", ""anomaly"": true}",
389,anomaly,anomaly,True,455,792,1247,0.000127,0.000317,"{""label"":""anomaly"",""anomaly"":true}",
390,anomaly,anomaly,True,455,1022,1477,0.000127,0.000409,"{""label"":""anomaly"",""anomaly"":true}",
391,anomaly,anomaly,True,395,477,872,0.000111,0.000191,"{""label"":""anomaly"",""anomaly"":true}",
392,anomaly,anomaly,True,455,915,1370,0.000127,0.000366,"{""label"":""anomaly"",""anomaly"":true}",
393,anomaly,anomaly,True,455,1074,1529,0.000127,0.000430,"{""label"":""anomaly"",""anomaly"":true}",
394,anomaly,anomaly,True,385,483,868,0.000108,0.000193,"{""label"":""anomaly"",""anomaly"":true}",
395,anomaly,normal,False,361,679,1040,0.000101,0.000272,"{""label"": ""normal"", ""anomaly"": false}",
396,anomaly,anomaly,True,373,500,873,0.000104,0.000200,"{""label"":""anomaly"",""anomaly"":true}",
397,anomaly,anomaly,True,455,1170,1625,0.000127,0.000468,"{""label"": ""anomaly"", ""anomaly"": true}",
398,anomaly,anomaly,True,455,892,1347,0.000127,0.000357,"{""label"":""anomaly"",""anomaly"":true}",
399,anomaly,anomaly,True,491,603,1094,0.000137,0.000241,"{""label"":""anomaly"",""anomaly"":true}",
400,anomaly,anomaly,True,3039,306,3345,0.000851,0.000122,"{""label"":""anomaly"",""anomaly"":true}",
401,anomaly,anomaly,True,373,507,880,0.000104,0.000203,"{""label"":""anomaly"",""anomaly"":true}",
402,anomaly,anomaly,True,455,1864,2319,0.000127,0.000746,"{""label"":""anomaly"",""anomaly"":true}",
403,anomaly,anomaly,True,455,972,1427,0.000127,0.000389,"{""label"":""anomaly"",""anomaly"":true}",
404,anomaly,anomaly,True,455,875,1330,0.000127,0.000350,"{""label"":""anomaly"",""anomaly"":true}",
405,anomaly,anomaly,True,461,793,1254,0.000129,0.000317,"{""label"":""anomaly"",""anomaly"":true}",
406,anomaly,anomaly,True,421,1163,1584,0.000118,0.000465,"{""label"":""anomaly"",""anomaly"":true}",
407,anomaly,anomaly,True,455,855,1310,0.000127,0.000342,"{""label"": ""anomaly"", ""anomaly"": true}",
408,anomaly,anomaly,True,401,500,901,0.000112,0.000200,"{""label"":""anomaly"",""anomaly"":true}",
409,anomaly,anomaly,True,461,1099,1560,0.000129,0.000440,"{""label"": ""anomaly"", ""anomaly"": true}",
410,anomaly,anomaly,True,4315,573,4888,0.001208,0.000229,"{""label"":""anomaly"",""anomaly"":true}",
411,anomaly,anomaly,True,461,1348,1809,0.000129,0.000539,"{""label"":""anomaly"",""anomaly"":true}",
412,anomaly,anomaly,True,409,510,919,0.000115,0.000204,"{""label"":""anomaly"",""anomaly"":true}",
413,anomaly,anomaly,True,525,756,1281,0.000147,0.000302,"{""label"":""anomaly"",""anomaly"":true}",
414,anomaly,anomaly,True,397,696,1093,0.000111,0.000278,"{""label"":""anomaly"",""anomaly"":true}",
415,anomaly,anomaly,True,409,462,871,0.000115,0.000185,"{""label"":""anomaly"",""anomaly"":true}",
416,anomaly,anomaly,True,461,1308,1769,0.000129,0.000523,"{""label"": ""anomaly"", ""anomaly"": true}",
417,anomaly,anomaly,True,461,1413,1874,0.000129,0.000565,"{""label"":""anomaly"",""anomaly"":true}",
418,anomaly,anomaly,True,461,1224,1685,0.000129,0.000490,"{""label"":""anomaly"",""anomaly"":true}",
419,anomaly,anomaly,True,461,1114,1575,0.000129,0.000446,"{""label"":""anomaly"",""anomaly"":true}",
420,anomaly,anomaly,True,445,878,1323,0.000125,0.000351,"{""label"":""anomaly"",""anomaly"":true}",
421,anomaly,anomaly,True,461,1181,1642,0.000129,0.000472,"{""label"":""anomaly"",""anomaly"":true}",
422,anomaly,anomaly,True,461,906,1367,0.000129,0.000362,"{""label"":""anomaly"",""anomaly"":true}",
423,anomaly,anomaly,True,455,919,1374,0.000127,0.000368,"{""label"":""anomaly"",""anomaly"":true}",
424,anomaly,anomaly,True,455,714,1169,0.000127,0.000286,"{""label"":""anomaly"",""anomaly"":true}",
425,anomaly,anomaly,True,373,583,956,0.000104,0.000233,"{""label"":""anomaly"",""anomaly"":true}",
426,anomaly,anomaly,True,461,1130,1591,0.000129,0.000452,"{""label"":""anomaly"",""anomaly"":true}",
427,anomaly,anomaly,True,461,1112,1573,0.000129,0.000445,"{""label"":""anomaly"",""anomaly"":true}",
428,anomaly,anomaly,True,401,637,1038,0.000112,0.000255,"{""label"":""anomaly"",""anomaly"":true}",
429,anomaly,anomaly,True,461,1254,1715,0.000129,0.000502,"{""label"":""anomaly"",""anomaly"":true}",
430,anomaly,anomaly,True,433,727,1160,0.000121,0.000291,"{""label"":""anomaly"",""anomaly"":true}",
431,anomaly,anomaly,True,4243,717,4960,0.001188,0.000287,"{""label"":""anomaly"",""anomaly"":true}",
432,anomaly,anomaly,True,521,903,1424,0.000146,0.000361,"{""label"":""anomaly"",""anomaly"":true}",
433,anomaly,anomaly,True,461,910,1371,0.000129,0.000364,"{""label"":""anomaly"",""anomaly"":true}",
434,anomaly,anomaly,True,461,1167,1628,0.000129,0.000467,"{""label"":""anomaly"",""anomaly"":true}",
435,anomaly,anomaly,True,461,1008,1469,0.000129,0.000403,"{""label"":""anomaly"",""anomaly"":true}",
436,anomaly,anomaly,True,451,791,1242,0.000126,0.000316,"{""label"":""anomaly"",""anomaly"":true}",
437,anomaly,anomaly,True,5855,667,6522,0.001639,0.000267,"{""label"":""anomaly"",""anomaly"":true}",
438,anomaly,anomaly,True,409,541,950,0.000115,0.000216,"{""label"":""anomaly"",""anomaly"":true}",
439,anomaly,anomaly,True,443,943,1386,0.000124,0.000377,"{""label"":""anomaly"",""anomaly"":true}",
440,anomaly,anomaly,True,449,1300,1749,0.000126,0.000520,"{""label"": ""anomaly"", ""anomaly"": true}",
441,anomaly,anomaly,True,443,1058,1501,0.000124,0.000423,"{""label"":""anomaly"",""anomaly"":true}",
442,anomaly,anomaly,True,443,868,1311,0.000124,0.000347,"{""label"":""anomaly"",""anomaly"":true}",
443,anomaly,anomaly,True,443,841,1284,0.000124,0.000336,"{""label"": ""anomaly"", ""anomaly"": true}",
444,anomaly,anomaly,True,443,940,1383,0.000124,0.000376,"{""label"":""anomaly"",""anomaly"":true}",
445,anomaly,anomaly,True,443,1243,1686,0.000124,0.000497,"{""label"":""anomaly"",""anomaly"":true}",
446,anomaly,anomaly,True,409,527,936,0.000115,0.000211,"{""label"":""anomaly"",""anomaly"":true}",
447,anomaly,anomaly,True,439,672,1111,0.000123,0.000269,"{""label"":""anomaly"",""anomaly"":true}",
448,anomaly,anomaly,True,443,771,1214,0.000124,0.000308,"{""label"":""anomaly"",""anomaly"":true}",
449,anomaly,anomaly,True,549,717,1266,0.000154,0.000287,"{""label"":""anomaly"",""anomaly"":true}",
450,anomaly,anomaly,True,443,787,1230,0.000124,0.000315,"{""label"": ""anomaly"", ""anomaly"": true}",
451,anomaly,anomaly,True,443,1041,1484,0.000124,0.000416,"{""label"":""anomaly"",""anomaly"":true}",
452,anomaly,anomaly,True,443,1168,1611,0.000124,0.000467,"{""label"":""anomaly"",""anomaly"":true}",
453,anomaly,anomaly,True,443,618,1061,0.000124,0.000247,"{""label"":""anomaly"",""anomaly"":true}",
454,anomaly,anomaly,True,449,765,1214,0.000126,0.000306,"{""label"":""anomaly"",""anomaly"":true}",
455,anomaly,anomaly,True,449,830,1279,0.000126,0.000332,"{""label"":""anomaly"",""anomaly"":true}",
456,anomaly,anomaly,True,397,639,1036,0.000111,0.000256,"{""label"":""anomaly"",""anomaly"":true}",
457,anomaly,anomaly,True,449,1019,1468,0.000126,0.000408,"{""label"":""anomaly"",""anomaly"":true}",
458,anomaly,anomaly,True,439,1214,1653,0.000123,0.000486,"{""label"":""anomaly"",""anomaly"":true}",
459,anomaly,anomaly,True,439,808,1247,0.000123,0.000323,"{""label"":""anomaly"",""anomaly"":true}",
460,anomaly,anomaly,True,423,630,1053,0.000118,0.000252,"{""label"": ""anomaly"", ""anomaly"": true}",
461,anomaly,anomaly,True,449,793,1242,0.000126,0.000317,"{""label"": ""anomaly"", ""anomaly"": true}",
462,anomaly,anomaly,True,449,1181,1630,0.000126,0.000472,"{""label"":""anomaly"",""anomaly"":true}",
463,anomaly,anomaly,True,373,863,1236,0.000104,0.000345,"{""label"":""anomaly"",""anomaly"":true}",
464,anomaly,anomaly,True,449,1059,1508,0.000126,0.000424,"{""label"":""anomaly"",""anomaly"":true}",
465,anomaly,anomaly,True,411,527,938,0.000115,0.000211,"{""label"":""anomaly"",""anomaly"":true}",
466,anomaly,anomaly,True,449,908,1357,0.000126,0.000363,"{""label"":""anomaly"",""anomaly"":true}",
467,anomaly,anomaly,True,449,785,1234,0.000126,0.000314,"{""label"":""anomaly"",""anomaly"":true}",
468,anomaly,anomaly,True,439,918,1357,0.000123,0.000367,"{""label"":""anomaly"",""anomaly"":true}",
469,anomaly,anomaly,True,373,741,1114,0.000104,0.000296,"{""label"":""anomaly"",""anomaly"":true}",
470,anomaly,anomaly,True,449,822,1271,0.000126,0.000329,"{""label"":""anomaly"",""anomaly"":true}",
471,anomaly,anomaly,True,449,1117,1566,0.000126,0.000447,"{""label"":""anomaly"",""anomaly"":true}",
472,anomaly,anomaly,True,439,942,1381,0.000123,0.000377,"{""label"":""anomaly"",""anomaly"":true}",
473,anomaly,anomaly,True,4609,585,5194,0.001291,0.000234,"{""label"":""anomaly"",""anomaly"":true}",
474,anomaly,anomaly,True,505,764,1269,0.000141,0.000306,"{""label"":""anomaly"",""anomaly"":true}",
475,anomaly,anomaly,True,385,674,1059,0.000108,0.000270,"{""label"":""anomaly"",""anomaly"":true}",
476,anomaly,anomaly,True,449,921,1370,0.000126,0.000368,"{""label"":""anomaly"",""anomaly"":true}",
477,anomaly,anomaly,True,425,718,1143,0.000119,0.000287,"{""label"":""anomaly"",""anomaly"":true}",
478,anomaly,anomaly,True,443,1133,1576,0.000124,0.000453,"{""label"":""anomaly"",""anomaly"":true}",
479,anomaly,anomaly,True,353,831,1184,0.000099,0.000332,"{""label"":""anomaly"",""anomaly"":true}",
480,anomaly,anomaly,True,449,923,1372,0.000126,0.000369,"{""label"":""anomaly"",""anomaly"":true}",
481,anomaly,anomaly,True,449,591,1040,0.000126,0.000236,"{""label"":""anomaly"",""anomaly"":true}",
482,anomaly,anomaly,True,409,679,1088,0.000115,0.000272,"{""label"":""anomaly"",""anomaly"":true}",
483,anomaly,anomaly,True,443,1397,1840,0.000124,0.000559,"{""label"":""anomaly"",""anomaly"":true}",
484,anomaly,anomaly,True,449,700,1149,0.000126,0.000280,"{""label"":""anomaly"",""anomaly"":true}",
485,anomaly,anomaly,True,449,1203,1652,0.000126,0.000481,"{""label"":""anomaly"",""anomaly"":true}",
486,anomaly,anomaly,True,449,1101,1550,0.000126,0.000440,"{""label"":""anomaly"",""anomaly"":true}",
487,anomaly,anomaly,True,517,820,1337,0.000145,0.000328,"{""label"":""anomaly"",""anomaly"":true}",
488,anomaly,anomaly,True,3161,543,3704,0.000885,0.000217,"{""label"":""anomaly"",""anomaly"":true}",
489,anomaly,anomaly,True,397,412,809,0.000111,0.000165,"{""label"":""anomaly"",""anomaly"":true}",
490,anomaly,anomaly,True,449,564,1013,0.000126,0.000226,"{""label"":""anomaly"",""anomaly"":true}",
491,anomaly,anomaly,True,443,932,1375,0.000124,0.000373,"{""label"": ""anomaly"", ""anomaly"": true}",
492,anomaly,anomaly,True,5433,622,6055,0.001521,0.000249,"{""label"":""anomaly"",""anomaly"":true}",
493,anomaly,anomaly,True,449,1219,1668,0.000126,0.000488,"{""label"":""anomaly"",""anomaly"":true}",
494,anomaly,anomaly,True,397,464,861,0.000111,0.000186,"{""label"":""anomaly"",""anomaly"":true}",
495,anomaly,anomaly,True,449,960,1409,0.000126,0.000384,"{""label"":""anomaly"",""anomaly"":true}",
496,anomaly,anomaly,True,449,1007,1456,0.000126,0.000403,"{""label"": ""anomaly"", ""anomaly"": true}",
497,anomaly,anomaly,True,449,907,1356,0.000126,0.000363,"{""label"":""anomaly"",""anomaly"":true}",
498,anomaly,anomaly,True,385,475,860,0.000108,0.000190,"{""label"":""anomaly"",""anomaly"":true}",
499,anomaly,anomaly,True,443,825,1268,0.000124,0.000330,"{""label"":""anomaly"",""anomaly"":true}",
500,anomaly,anomaly,True,353,1233,1586,0.000099,0.000493,"{""label"": ""anomaly"", ""anomaly"": true}",
501,anomaly,anomaly,True,449,1201,1650,0.000126,0.000480,"{""label"":""anomaly"",""anomaly"":true}",
502,anomaly,anomaly,True,449,911,1360,0.000126,0.000364,"{""label"":""anomaly"",""anomaly"":true}",
503,anomaly,anomaly,True,443,1561,2004,0.000124,0.000624,"{""label"":""anomaly"",""anomaly"":true}",
504,anomaly,anomaly,True,567,813,1380,0.000159,0.000325,"{""label"":""anomaly"",""anomaly"":true}",
505,anomaly,anomaly,True,397,502,899,0.000111,0.000201,"{""label"":""anomaly"",""anomaly"":true}",
506,anomaly,anomaly,True,385,570,955,0.000108,0.000228,"{""label"":""anomaly"",""anomaly"":true}",
507,anomaly,normal,False,335,1204,1539,0.000094,0.000482,"{""label"": ""normal"", ""anomaly"": false}",
508,anomaly,anomaly,True,563,1004,1567,0.000158,0.000402,"{""label"": ""anomaly"", ""anomaly"": true}",
509,anomaly,anomaly,True,449,1216,1665,0.000126,0.000486,"{""label"":""anomaly"",""anomaly"":true}",
510,anomaly,anomaly,True,749,955,1704,0.000210,0.000382,"{""label"":""anomaly"",""anomaly"":true}",
511,anomaly,anomaly,True,449,699,1148,0.000126,0.000280,"{""label"":""anomaly"",""anomaly"":true}",
512,anomaly,anomaly,True,439,1089,1528,0.000123,0.000436,"{""label"":""anomaly"",""anomaly"":true}",
513,anomaly,anomaly,True,389,544,933,0.000109,0.000218,"{""label"": ""anomaly"", ""anomaly"": true}",
514,anomaly,anomaly,True,7925,504,8429,0.002219,0.000202,"{""label"":""anomaly"",""anomaly"":true}",
515,anomaly,anomaly,True,449,667,1116,0.000126,0.000267,"{""label"": ""anomaly"", ""anomaly"": true}",
516,anomaly,anomaly,True,449,999,1448,0.000126,0.000400,"{""label"": ""anomaly"", ""anomaly"": true}",
517,anomaly,anomaly,True,413,538,951,0.000116,0.000215,"{""label"":""anomaly"",""anomaly"":true}",
518,anomaly,anomaly,True,397,571,968,0.000111,0.000228,"{""label"":""anomaly"",""anomaly"":true}",
519,anomaly,anomaly,True,397,655,1052,0.000111,0.000262,"{""label"":""anomaly"",""anomaly"":true}",
520,anomaly,anomaly,True,449,886,1335,0.000126,0.000354,"{""label"":""anomaly"",""anomaly"":true}",
521,anomaly,anomaly,True,443,931,1374,0.000124,0.000372,"{""label"": ""anomaly"", ""anomaly"": true}",
522,anomaly,anomaly,True,449,539,988,0.000126,0.000216,"{""label"":""anomaly"",""anomaly"":true}",
523,anomaly,anomaly,True,501,658,1159,0.000140,0.000263,"{""label"":""anomaly"",""anomaly"":true}",
524,anomaly,anomaly,True,449,835,1284,0.000126,0.000334,"{""label"":""anomaly"",""anomaly"":true}",
525,anomaly,anomaly,True,449,776,1225,0.000126,0.000310,"{""label"": ""anomaly"", ""anomaly"": true}",
526,anomaly,anomaly,True,397,510,907,0.000111,0.000204,"{""label"":""anomaly"",""anomaly"":true}",
527,anomaly,anomaly,True,449,569,1018,0.000126,0.000228,"{""label"":""anomaly"",""anomaly"":true}",
528,anomaly,anomaly,True,449,1156,1605,0.000126,0.000462,"{""label"":""anomaly"",""anomaly"":true}",
529,anomaly,anomaly,True,1793,559,2352,0.000502,0.000224,"{""label"":""anomaly"",""anomaly"":true}",
530,anomaly,anomaly,True,449,1074,1523,0.000126,0.000430,"{""label"": ""anomaly"", ""anomaly"": true}",
531,anomaly,anomaly,True,449,1316,1765,0.000126,0.000526,"{""label"":""anomaly"",""anomaly"":true}",
532,anomaly,anomaly,True,449,1131,1580,0.000126,0.000452,"{""label"":""anomaly"",""anomaly"":true}",
533,anomaly,anomaly,True,449,993,1442,0.000126,0.000397,"{""label"":""anomaly"",""anomaly"":true}",
534,anomaly,anomaly,True,409,923,1332,0.000115,0.000369,"{""label"":""anomaly"",""anomaly"":true}",
535,anomaly,anomaly,True,475,782,1257,0.000133,0.000313,"{""label"":""anomaly"",""anomaly"":true}",
536,anomaly,anomaly,True,449,904,1353,0.000126,0.000362,"{""label"":""anomaly"",""anomaly"":true}",
537,anomaly,anomaly,True,425,756,1181,0.000119,0.000302,"{""label"": ""anomaly"", ""anomaly"": true}",
538,anomaly,anomaly,True,449,987,1436,0.000126,0.000395,"{""label"":""anomaly"",""anomaly"":true}",
539,anomaly,anomaly,True,449,1329,1778,0.000126,0.000532,"{""label"": ""anomaly"", ""anomaly"": true}",
540,anomaly,,,0,0,0,0.000000,0.000000,error: Expecting value: line 1 column 1 (char 0),Expecting value: line 1 column 1 (char 0)
541,anomaly,anomaly,True,449,1278,1727,0.000126,0.000511,"{""label"":""anomaly"",""anomaly"":true}",
542,anomaly,anomaly,True,621,789,1410,0.000174,0.000316,"{""label"":""anomaly"",""anomaly"":true}",
543,anomaly,anomaly,True,449,713,1162,0.000126,0.000285,"{""label"":""anomaly"",""anomaly"":true}",
544,anomaly,anomaly,True,449,826,1275,0.000126,0.000330,"{""label"":""anomaly"",""anomaly"":true}",
545,anomaly,anomaly,True,449,1109,1558,0.000126,0.000444,"{""label"":""anomaly"",""anomaly"":true}",
546,anomaly,anomaly,True,449,1169,1618,0.000126,0.000468,"{""label"":""anomaly"",""anomaly"":true}",
547,anomaly,anomaly,True,449,962,1411,0.000126,0.000385,"{""label"": ""anomaly"", ""anomaly"": true}",
548,anomaly,anomaly,True,2999,845,3844,0.000840,0.000338,"{""label"":""anomaly"",""anomaly"":true}",
549,anomaly,anomaly,True,449,1041,1490,0.000126,0.000416,"{""label"":""anomaly"",""anomaly"":true}",
550,anomaly,anomaly,True,409,818,1227,0.000115,0.000327,"{""label"":""anomaly"",""anomaly"":true}",
551,anomaly,anomaly,True,449,602,1051,0.000126,0.000241,"{""label"":""anomaly"",""anomaly"":true}",
552,anomaly,anomaly,True,449,997,1446,0.000126,0.000399,"{""label"":""anomaly"",""anomaly"":true}",
553,anomaly,anomaly,True,359,1141,1500,0.000101,0.000456,"{""label"": ""anomaly"", ""anomaly"": true}",
554,anomaly,anomaly,True,449,916,1365,0.000126,0.000366,"{""label"":""anomaly"",""anomaly"":true}",
555,anomaly,anomaly,True,439,881,1320,0.000123,0.000352,"{""label"":""anomaly"",""anomaly"":true}",
556,anomaly,anomaly,True,425,840,1265,0.000119,0.000336,"{""label"":""anomaly"",""anomaly"":true}",
557,anomaly,anomaly,True,449,1182,1631,0.000126,0.000473,"{""label"":""anomaly"",""anomaly"":true}",
558,anomaly,anomaly,True,449,1195,1644,0.000126,0.000478,"{""label"":""anomaly"",""anomaly"":true}",
559,anomaly,anomaly,True,6277,569,6846,0.001758,0.000228,"{""label"": ""anomaly"", ""anomaly"": true}",
560,anomaly,anomaly,True,477,873,1350,0.000134,0.000349,"{""label"":""anomaly"",""anomaly"":true}",
561,anomaly,anomaly,True,449,802,1251,0.000126,0.000321,"{""label"":""anomaly"",""anomaly"":true}",
562,anomaly,anomaly,True,423,502,925,0.000118,0.000201,"{""label"":""anomaly"",""anomaly"":true}",
563,anomaly,anomaly,True,385,593,978,0.000108,0.000237,"{""label"":""anomaly"",""anomaly"":true}",
564,anomaly,anomaly,True,449,904,1353,0.000126,0.000362,"{""label"":""anomaly"",""anomaly"":true}",
565,anomaly,anomaly,True,449,857,1306,0.000126,0.000343,"{""label"":""anomaly"",""anomaly"":true}",
566,anomaly,anomaly,True,389,460,849,0.000109,0.000184,"{""label"":""anomaly"",""anomaly"":true}",
567,anomaly,anomaly,True,353,741,1094,0.000099,0.000296,"{""label"":""anomaly"",""anomaly"":true}",
568,anomaly,anomaly,True,461,1568,2029,0.000129,0.000627,"{""label"":""anomaly"",""anomaly"":true}",
569,anomaly,anomaly,True,461,921,1382,0.000129,0.000368,"{""label"": ""anomaly"", ""anomaly"": true}",
570,anomaly,anomaly,True,461,961,1422,0.000129,0.000384,"{""label"":""anomaly"",""anomaly"":true}",
571,anomaly,anomaly,True,401,597,998,0.000112,0.000239,"{""label"":""anomaly"",""anomaly"":true}",
572,anomaly,anomaly,True,495,1428,1923,0.000139,0.000571,"{""label"": ""anomaly"", ""anomaly"": true}",
573,anomaly,anomaly,True,353,961,1314,0.000099,0.000384,"{""label"": ""anomaly"", ""anomaly"": true}",
574,anomaly,anomaly,True,2347,504,2851,0.000657,0.000202,"{""label"":""anomaly"",""anomaly"":true}",
575,anomaly,anomaly,True,461,1313,1774,0.000129,0.000525,"{""label"":""anomaly"",""anomaly"":true}",
576,anomaly,anomaly,True,409,542,951,0.000115,0.000217,"{""label"":""anomaly"",""anomaly"":true}",
577,anomaly,anomaly,True,461,1494,1955,0.000129,0.000598,"{""label"":""anomaly"",""anomaly"":true}",
578,anomaly,anomaly,True,461,1138,1599,0.000129,0.000455,"{""label"":""anomaly"",""anomaly"":true}",
579,anomaly,anomaly,True,461,779,1240,0.000129,0.000312,"{""label"": ""anomaly"", ""anomaly"": true}",
580,anomaly,anomaly,True,461,921,1382,0.000129,0.000368,"{""label"":""anomaly"",""anomaly"":true}",
581,anomaly,anomaly,True,461,667,1128,0.000129,0.000267,"{""label"":""anomaly"",""anomaly"":true}",
582,anomaly,anomaly,True,455,715,1170,0.000127,0.000286,"{""label"":""anomaly"",""anomaly"":true}",
583,anomaly,anomaly,True,445,1708,2153,0.000125,0.000683,"{""label"": ""anomaly"", ""anomaly"": true}",
584,anomaly,anomaly,True,455,1246,1701,0.000127,0.000498,"{""label"":""anomaly"",""anomaly"":true}",
585,anomaly,anomaly,True,409,460,869,0.000115,0.000184,"{""label"":""anomaly"",""anomaly"":true}",
586,anomaly,anomaly,True,527,1014,1541,0.000148,0.000406,"{""label"":""anomaly"",""anomaly"":true}",
587,anomaly,anomaly,True,4087,664,4751,0.001144,0.000266,"{""label"":""anomaly"",""anomaly"":true}",
588,anomaly,anomaly,True,455,930,1385,0.000127,0.000372,"{""label"":""anomaly"",""anomaly"":true}",
589,anomaly,anomaly,True,401,1151,1552,0.000112,0.000460,"{""label"":""anomaly"",""anomaly"":true}",
590,anomaly,anomaly,True,451,986,1437,0.000126,0.000394,"{""label"":""anomaly"",""anomaly"":true}",
591,anomaly,anomaly,True,455,973,1428,0.000127,0.000389,"{""label"": ""anomaly"", ""anomaly"": true}",
592,anomaly,anomaly,True,455,769,1224,0.000127,0.000308,"{""label"":""anomaly"",""anomaly"":true}",
593,anomaly,anomaly,True,455,931,1386,0.000127,0.000372,"{""label"":""anomaly"",""anomaly"":true}",
594,anomaly,anomaly,True,461,869,1330,0.000129,0.000348,"{""label"":""anomaly"",""anomaly"":true}",
595,anomaly,anomaly,True,461,1302,1763,0.000129,0.000521,"{""label"":""anomaly"",""anomaly"":true}",
596,anomaly,anomaly,True,455,790,1245,0.000127,0.000316,"{""label"":""anomaly"",""anomaly"":true}",
597,anomaly,anomaly,True,443,1050,1493,0.000124,0.000420,"{""label"":""anomaly"",""anomaly"":true}",
598,anomaly,anomaly,True,443,902,1345,0.000124,0.000361,"{""label"":""anomaly"",""anomaly"":true}",
599,anomaly,anomaly,True,443,1182,1625,0.000124,0.000473,"{""label"": ""anomaly"", ""anomaly"": true}",
600,anomaly,anomaly,True,443,869,1312,0.000124,0.000348,"{""label"":""anomaly"",""anomaly"":true}",
601,anomaly,anomaly,True,419,980,1399,0.000117,0.000392,"{""label"":""anomaly"",""anomaly"":true}",
602,anomaly,anomaly,True,443,738,1181,0.000124,0.000295,"{""label"":""anomaly"",""anomaly"":true}",
603,anomaly,anomaly,True,409,524,933,0.000115,0.000210,"{""label"":""anomaly"",""anomaly"":true}",
604,anomaly,anomaly,True,443,639,1082,0.000124,0.000256,"{""label"":""anomaly"",""anomaly"":true}",
605,anomaly,anomaly,True,443,992,1435,0.000124,0.000397,"{""label"": ""anomaly"", ""anomaly"": true}",
606,anomaly,anomaly,True,443,777,1220,0.000124,0.000311,"{""label"":""anomaly"",""anomaly"":true}",
607,anomaly,anomaly,True,443,931,1374,0.000124,0.000372,"{""label"":""anomaly"",""anomaly"":true}",
608,anomaly,anomaly,True,465,639,1104,0.000130,0.000256,"{""label"":""anomaly"",""anomaly"":true}",
609,anomaly,anomaly,True,461,810,1271,0.000129,0.000324,"{""label"": ""anomaly"", ""anomaly"": true}",
610,anomaly,anomaly,True,4901,1250,6151,0.001372,0.000500,"{""label"":""anomaly"",""anomaly"":true}",
611,anomaly,anomaly,True,455,1114,1569,0.000127,0.000446,"{""label"":""anomaly"",""anomaly"":true}",
612,anomaly,anomaly,True,1107,1093,2200,0.000310,0.000437,"{""label"":""anomaly"",""anomaly"":true}",
613,anomaly,anomaly,True,555,685,1240,0.000155,0.000274,"{""label"":""anomaly"",""anomaly"":true}",
614,anomaly,anomaly,True,361,1024,1385,0.000101,0.000410,"{""label"": ""anomaly"", ""anomaly"": true}",
615,anomaly,anomaly,True,455,1222,1677,0.000127,0.000489,"{""label"":""anomaly"",""anomaly"":true}",
616,anomaly,anomaly,True,395,519,914,0.000111,0.000208,"{""label"":""anomaly"",""anomaly"":true}",
617,anomaly,anomaly,True,455,928,1383,0.000127,0.000371,"{""label"": ""anomaly"", ""anomaly"": true}",
618,anomaly,anomaly,True,455,938,1393,0.000127,0.000375,"{""label"": ""anomaly"", ""anomaly"": true}",
619,anomaly,anomaly,True,365,1067,1432,0.000102,0.000427,"{""label"": ""anomaly"", ""anomaly"": true}",
620,anomaly,anomaly,True,455,939,1394,0.000127,0.000376,"{""label"":""anomaly"",""anomaly"":true}",
621,anomaly,anomaly,True,331,1164,1495,0.000093,0.000466,"{""label"": ""anomaly"", ""anomaly"": true}",
622,anomaly,anomaly,True,455,1107,1562,0.000127,0.000443,"{""label"":""anomaly"",""anomaly"":true}",
623,anomaly,anomaly,True,3121,898,4019,0.000874,0.000359,"{""label"":""anomaly"",""anomaly"":true}",
624,anomaly,anomaly,True,489,665,1154,0.000137,0.000266,"{""label"": ""anomaly"", ""anomaly"": true}",
625,anomaly,anomaly,True,555,723,1278,0.000155,0.000289,"{""label"":""anomaly"",""anomaly"":true}",
626,anomaly,anomaly,True,455,1236,1691,0.000127,0.000494,"{""label"": ""anomaly"", ""anomaly"": true}",
627,anomaly,anomaly,True,455,703,1158,0.000127,0.000281,"{""label"":""anomaly"",""anomaly"":true}",
628,anomaly,anomaly,True,455,1069,1524,0.000127,0.000428,"{""label"":""anomaly"",""anomaly"":true}",
629,anomaly,anomaly,True,419,758,1177,0.000117,0.000303,"{""label"":""anomaly"",""anomaly"":true}",
630,anomaly,anomaly,True,3203,494,3697,0.000897,0.000198,"{""label"":""anomaly"",""anomaly"":true}",
631,anomaly,anomaly,True,443,983,1426,0.000124,0.000393,"{""label"":""anomaly"",""anomaly"":true}",
632,anomaly,anomaly,True,473,939,1412,0.000132,0.000376,"{""label"":""anomaly"",""anomaly"":true}",
633,anomaly,anomaly,True,443,710,1153,0.000124,0.000284,"{""label"":""anomaly"",""anomaly"":true}",
634,anomaly,anomaly,True,443,646,1089,0.000124,0.000258,"{""label"":""anomaly"",""anomaly"":true}",
635,anomaly,anomaly,True,443,699,1142,0.000124,0.000280,"{""label"":""anomaly"",""anomaly"":true}",
636,anomaly,anomaly,True,443,1215,1658,0.000124,0.000486,"{""label"":""anomaly"",""anomaly"":true}",
637,anomaly,anomaly,True,413,644,1057,0.000116,0.000258,"{""label"":""anomaly"",""anomaly"":true}",
638,anomaly,anomaly,True,449,858,1307,0.000126,0.000343,"{""label"":""anomaly"",""anomaly"":true}",
639,anomaly,anomaly,True,443,1091,1534,0.000124,0.000436,"{""label"":""anomaly"",""anomaly"":true}",
640,anomaly,anomaly,True,443,870,1313,0.000124,0.000348,"{""label"":""anomaly"",""anomaly"":true}",
641,anomaly,anomaly,True,443,795,1238,0.000124,0.000318,"{""label"":""anomaly"",""anomaly"":true}",
642,anomaly,anomaly,True,443,938,1381,0.000124,0.000375,"{""label"": ""anomaly"", ""anomaly"": true}",
643,anomaly,anomaly,True,385,583,968,0.000108,0.000233,"{""label"":""anomaly"",""anomaly"":true}",
644,anomaly,anomaly,True,449,1158,1607,0.000126,0.000463,"{""label"":""anomaly"",""anomaly"":true}",
645,anomaly,anomaly,True,361,543,904,0.000101,0.000217,"{""label"":""anomaly"",""anomaly"":true}",
646,anomaly,anomaly,True,449,943,1392,0.000126,0.000377,"{""label"":""anomaly"",""anomaly"":true}",
647,anomaly,anomaly,True,449,612,1061,0.000126,0.000245,"{""label"":""anomaly"",""anomaly"":true}",
648,anomaly,anomaly,True,439,675,1114,0.000123,0.000270,"{""label"":""anomaly"",""anomaly"":true}",
649,anomaly,anomaly,True,419,590,1009,0.000117,0.000236,"{""label"":""anomaly"",""anomaly"":true}",
650,anomaly,anomaly,True,443,1071,1514,0.000124,0.000428,"{""label"":""anomaly"",""anomaly"":true}",
651,anomaly,anomaly,True,477,850,1327,0.000134,0.000340,"{""label"":""anomaly"",""anomaly"":true}",
652,anomaly,anomaly,True,443,906,1349,0.000124,0.000362,"{""label"":""anomaly"",""anomaly"":true}",
653,anomaly,anomaly,True,443,873,1316,0.000124,0.000349,"{""label"":""anomaly"",""anomaly"":true}",
654,anomaly,anomaly,True,443,1044,1487,0.000124,0.000418,"{""label"":""anomaly"",""anomaly"":true}",
655,anomaly,anomaly,True,443,894,1337,0.000124,0.000358,"{""label"":""anomaly"",""anomaly"":true}",
656,anomaly,anomaly,True,443,1150,1593,0.000124,0.000460,"{""label"":""anomaly"",""anomaly"":true}",
657,anomaly,anomaly,True,415,677,1092,0.000116,0.000271,"{""label"":""anomaly"",""anomaly"":true}",
658,anomaly,anomaly,True,443,816,1259,0.000124,0.000326,"{""label"":""anomaly"",""anomaly"":true}",
659,anomaly,anomaly,True,365,1006,1371,0.000102,0.000402,"{""label"": ""anomaly"", ""anomaly"": true}",
660,anomaly,anomaly,True,361,1115,1476,0.000101,0.000446,"{""label"": ""anomaly"", ""anomaly"": true}",
661,anomaly,anomaly,True,373,751,1124,0.000104,0.000300,"{""label"":""anomaly"",""anomaly"":true}",
662,anomaly,anomaly,True,449,907,1356,0.000126,0.000363,"{""label"":""anomaly"",""anomaly"":true}",
663,anomaly,anomaly,True,7373,609,7982,0.002064,0.000244,"{""label"":""anomaly"",""anomaly"":true}",
664,anomaly,anomaly,True,473,757,1230,0.000132,0.000303,"{""label"": ""anomaly"", ""anomaly"": true}",
665,anomaly,anomaly,True,14801,521,15322,0.004144,0.000208,"{""label"":""anomaly"",""anomaly"":true}",
666,anomaly,anomaly,True,461,1235,1696,0.000129,0.000494,"{""label"":""anomaly"",""anomaly"":true}",
667,anomaly,anomaly,True,461,1079,1540,0.000129,0.000432,"{""label"":""anomaly"",""anomaly"":true}",
668,anomaly,anomaly,True,451,833,1284,0.000126,0.000333,"{""label"":""anomaly"",""anomaly"":true}",
669,anomaly,anomaly,True,401,713,1114,0.000112,0.000285,"{""label"":""anomaly"",""anomaly"":true}",
670,anomaly,anomaly,True,385,828,1213,0.000108,0.000331,"{""label"":""anomaly"",""anomaly"":true}",
671,anomaly,anomaly,True,397,774,1171,0.000111,0.000310,"{""label"":""anomaly"",""anomaly"":true}",
672,anomaly,anomaly,True,451,836,1287,0.000126,0.000334,"{""label"":""anomaly"",""anomaly"":true}",
673,anomaly,anomaly,True,421,625,1046,0.000118,0.000250,"{""label"":""anomaly"",""anomaly"":true}",
674,anomaly,anomaly,True,455,827,1282,0.000127,0.000331,"{""label"":""anomaly"",""anomaly"":true}",
675,anomaly,anomaly,True,451,850,1301,0.000126,0.000340,"{""label"":""anomaly"",""anomaly"":true}",
676,anomaly,anomaly,True,457,1546,2003,0.000128,0.000618,"{""label"":""anomaly"",""anomaly"":true}",
677,anomaly,anomaly,True,461,2202,2663,0.000129,0.000881,"{""label"":""anomaly"",""anomaly"":true}",
678,anomaly,anomaly,True,461,983,1444,0.000129,0.000393,"{""label"": ""anomaly"", ""anomaly"": true}",
679,anomaly,anomaly,True,461,714,1175,0.000129,0.000286,"{""label"":""anomaly"",""anomaly"":true}",
680,anomaly,anomaly,True,433,648,1081,0.000121,0.000259,"{""label"":""anomaly"",""anomaly"":true}",
681,anomaly,anomaly,True,451,835,1286,0.000126,0.000334,"{""label"": ""anomaly"", ""anomaly"": true}",
682,anomaly,anomaly,True,461,1266,1727,0.000129,0.000506,"{""label"":""anomaly"",""anomaly"":true}",
683,anomaly,anomaly,True,451,631,1082,0.000126,0.000252,"{""label"":""anomaly"",""anomaly"":true}",
684,anomaly,anomaly,True,365,1345,1710,0.000102,0.000538,"{""label"": ""anomaly"", ""anomaly"": true}",
685,anomaly,anomaly,True,6091,442,6533,0.001705,0.000177,"{""label"":""anomaly"",""anomaly"":true}",
686,anomaly,anomaly,True,461,601,1062,0.000129,0.000240,"{""label"":""anomaly"",""anomaly"":true}",
687,anomaly,anomaly,True,377,506,883,0.000106,0.000202,"{""label"":""anomaly"",""anomaly"":true}",
688,anomaly,anomaly,True,461,1116,1577,0.000129,0.000446,"{""label"": ""anomaly"", ""anomaly"": true}",
689,anomaly,anomaly,True,461,1035,1496,0.000129,0.000414,"{""label"":""anomaly"",""anomaly"":true}",
690,anomaly,anomaly,True,461,1182,1643,0.000129,0.000473,"{""label"":""anomaly"",""anomaly"":true}",
691,anomaly,anomaly,True,373,633,1006,0.000104,0.000253,"{""label"":""anomaly"",""anomaly"":true}",
692,anomaly,anomaly,True,373,663,1036,0.000104,0.000265,"{""label"":""anomaly"",""anomaly"":true}",
693,anomaly,anomaly,True,461,1039,1500,0.000129,0.000416,"{""label"": ""anomaly"", ""anomaly"": true}",
694,anomaly,anomaly,True,547,998,1545,0.000153,0.000399,"{""label"": ""anomaly"", ""anomaly"": true}",
695,anomaly,anomaly,True,461,970,1431,0.000129,0.000388,"{""label"":""anomaly"",""anomaly"":true}",
696,anomaly,anomaly,True,451,824,1275,0.000126,0.000330,"{""label"":""anomaly"",""anomaly"":true}",
697,anomaly,anomaly,True,401,672,1073,0.000112,0.000269,"{""label"": ""anomaly"", ""anomaly"": true}",
698,anomaly,anomaly,True,461,913,1374,0.000129,0.000365,"{""label"": ""anomaly"", ""anomaly"": true}",
699,anomaly,anomaly,True,461,899,1360,0.000129,0.000360,"{""label"": ""anomaly"", ""anomaly"": true}",
700,anomaly,anomaly,True,5385,657,6042,0.001508,0.000263,"{""label"":""anomaly"",""anomaly"":true}",
701,anomaly,anomaly,True,497,824,1321,0.000139,0.000330,"{""label"":""anomaly"",""anomaly"":true}",
702,anomaly,anomaly,True,461,822,1283,0.000129,0.000329,"{""label"": ""anomaly"", ""anomaly"": true}",
703,anomaly,anomaly,True,511,602,1113,0.000143,0.000241,"{""label"":""anomaly"",""anomaly"":true}",
704,anomaly,anomaly,True,461,1210,1671,0.000129,0.000484,"{""label"":""anomaly"",""anomaly"":true}",
705,anomaly,anomaly,True,461,655,1116,0.000129,0.000262,"{""label"":""anomaly"",""anomaly"":true}",
706,anomaly,anomaly,True,461,1634,2095,0.000129,0.000654,"{""label"":""anomaly"",""anomaly"":true}",
707,anomaly,anomaly,True,461,874,1335,0.000129,0.000350,"{""label"":""anomaly"",""anomaly"":true}",
708,anomaly,anomaly,True,461,1068,1529,0.000129,0.000427,"{""label"":""anomaly"",""anomaly"":true}",
709,anomaly,anomaly,True,461,785,1246,0.000129,0.000314,"{""label"":""anomaly"",""anomaly"":true}",
710,anomaly,anomaly,True,571,643,1214,0.000160,0.000257,"{""label"":""anomaly"",""anomaly"":true}",
711,anomaly,anomaly,True,391,637,1028,0.000109,0.000255,"{""label"": ""anomaly"", ""anomaly"": true}",
712,anomaly,anomaly,True,571,636,1207,0.000160,0.000254,"{""label"":""anomaly"",""anomaly"":true}",
713,anomaly,anomaly,True,1395,517,1912,0.000391,0.000207,"{""label"":""anomaly"",""anomaly"":true}",
714,anomaly,anomaly,True,401,597,998,0.000112,0.000239,"{""label"":""anomaly"",""anomaly"":true}",
715,anomaly,anomaly,True,373,736,1109,0.000104,0.000294,"{""label"":""anomaly"",""anomaly"":true}",
716,anomaly,anomaly,True,567,680,1247,0.000159,0.000272,"{""label"":""anomaly"",""anomaly"":true}",
717,anomaly,anomaly,True,409,512,921,0.000115,0.000205,"{""label"":""anomaly"",""anomaly"":true}",
718,anomaly,anomaly,True,409,567,976,0.000115,0.000227,"{""label"":""anomaly"",""anomaly"":true}",
719,anomaly,anomaly,True,421,604,1025,0.000118,0.000242,"{""label"":""anomaly"",""anomaly"":true}",
720,anomaly,,,0,0,0,0.000000,0.000000,error: peer closed connection without sending complete message body (incomplete chunked read),peer closed connection without sending complete message body (incomplete chunked read)
721,anomaly,normal,False,361,1330,1691,0.000101,0.000532,"{""label"": ""normal"", ""anomaly"": false}",
722,anomaly,anomaly,True,567,654,1221,0.000159,0.000262,"{""label"":""anomaly"",""anomaly"":true}",
723,anomaly,anomaly,True,567,589,1156,0.000159,0.000236,"{""label"":""anomaly"",""anomaly"":true}",
724,anomaly,anomaly,True,567,632,1199,0.000159,0.000253,"{""label"":""anomaly"",""anomaly"":true}",
725,anomaly,anomaly,True,389,481,870,0.000109,0.000192,"{""label"":""anomaly"",""anomaly"":true}",
726,anomaly,anomaly,True,493,574,1067,0.000138,0.000230,"{""label"":""anomaly"",""anomaly"":true}",
727,anomaly,anomaly,True,567,1127,1694,0.000159,0.000451,"{""label"":""anomaly"",""anomaly"":true}",
728,anomaly,anomaly,True,567,666,1233,0.000159,0.000266,"{""label"":""anomaly"",""anomaly"":true}",
729,anomaly,anomaly,True,567,699,1266,0.000159,0.000280,"{""label"":""anomaly"",""anomaly"":true}",
730,anomaly,anomaly,True,335,1036,1371,0.000094,0.000414,"{""label"": ""anomaly"", ""anomaly"": true}",
731,anomaly,anomaly,True,567,692,1259,0.000159,0.000277,"{""label"":""anomaly"",""anomaly"":true}",
732,anomaly,anomaly,True,551,866,1417,0.000154,0.000346,"{""label"":""anomaly"",""anomaly"":true}",
733,anomaly,anomaly,True,567,563,1130,0.000159,0.000225,"{""label"":""anomaly"",""anomaly"":true}",
734,anomaly,anomaly,True,449,1206,1655,0.000126,0.000482,"{""label"":""anomaly"",""anomaly"":true}",
735,anomaly,anomaly,True,449,546,995,0.000126,0.000218,"{""label"": ""anomaly"", ""anomaly"": true}",
736,anomaly,anomaly,True,449,801,1250,0.000126,0.000320,"{""label"":""anomaly"",""anomaly"":true}",
737,anomaly,anomaly,True,397,586,983,0.000111,0.000234,"{""label"":""anomaly"",""anomaly"":true}",
738,anomaly,anomaly,True,449,1079,1528,0.000126,0.000432,"{""label"":""anomaly"",""anomaly"":true}",
739,anomaly,anomaly,True,449,817,1266,0.000126,0.000327,"{""label"":""anomaly"",""anomaly"":true}",
740,anomaly,anomaly,True,415,889,1304,0.000116,0.000356,"{""label"":""anomaly"",""anomaly"":true}",
741,anomaly,anomaly,True,377,651,1028,0.000106,0.000260,"{""label"":""anomaly"",""anomaly"":true}",
742,anomaly,anomaly,True,449,752,1201,0.000126,0.000301,"{""label"":""anomaly"",""anomaly"":true}",
743,anomaly,anomaly,True,397,827,1224,0.000111,0.000331,"{""label"":""anomaly"",""anomaly"":true}",
744,anomaly,anomaly,True,353,1338,1691,0.000099,0.000535,"{""label"": ""anomaly"", ""anomaly"": true}",
745,anomaly,anomaly,True,4721,477,5198,0.001322,0.000191,"{""label"":""anomaly"",""anomaly"":true}",
746,anomaly,anomaly,True,397,702,1099,0.000111,0.000281,"{""label"": ""anomaly"", ""anomaly"": true}",
747,anomaly,anomaly,True,443,894,1337,0.000124,0.000358,"{""label"":""anomaly"",""anomaly"":true}",
748,anomaly,anomaly,True,425,1069,1494,0.000119,0.000428,"{""label"":""anomaly"",""anomaly"":true}",
749,anomaly,anomaly,True,449,1218,1667,0.000126,0.000487,"{""label"":""anomaly"",""anomaly"":true}",
750,anomaly,anomaly,True,419,780,1199,0.000117,0.000312,"{""label"":""anomaly"",""anomaly"":true}",
751,anomaly,anomaly,True,377,603,980,0.000106,0.000241,"{""label"":""anomaly"",""anomaly"":true}",
752,anomaly,anomaly,True,429,520,949,0.000120,0.000208,"{""label"":""anomaly"",""anomaly"":true}",
753,anomaly,anomaly,True,443,595,1038,0.000124,0.000238,"{""label"":""anomaly"",""anomaly"":true}",
754,anomaly,anomaly,True,449,845,1294,0.000126,0.000338,"{""label"":""anomaly"",""anomaly"":true}",
755,anomaly,anomaly,True,443,1441,1884,0.000124,0.000576,"{""label"": ""anomaly"", ""anomaly"": true}",
756,anomaly,anomaly,True,461,1068,1529,0.000129,0.000427,"{""label"":""anomaly"",""anomaly"":true}",
757,anomaly,anomaly,True,8077,435,8512,0.002262,0.000174,"{""label"":""anomaly"",""anomaly"":true}",
758,anomaly,anomaly,True,455,1054,1509,0.000127,0.000422,"{""label"": ""anomaly"", ""anomaly"": true}",
759,anomaly,anomaly,True,455,955,1410,0.000127,0.000382,"{""label"":""anomaly"",""anomaly"":true}",
760,anomaly,anomaly,True,397,591,988,0.000111,0.000236,"{""label"": ""anomaly"", ""anomaly"": true}",
761,anomaly,anomaly,True,389,467,856,0.000109,0.000187,"{""label"":""anomaly"",""anomaly"":true}",
762,anomaly,anomaly,True,391,629,1020,0.000109,0.000252,"{""label"":""anomaly"",""anomaly"":true}",
763,anomaly,anomaly,True,421,665,1086,0.000118,0.000266,"{""label"":""anomaly"",""anomaly"":true}",
764,anomaly,anomaly,True,455,1238,1693,0.000127,0.000495,"{""label"":""anomaly"",""anomaly"":true}",
765,anomaly,anomaly,True,409,513,922,0.000115,0.000205,"{""label"":""anomaly"",""anomaly"":true}",
766,anomaly,anomaly,True,461,911,1372,0.000129,0.000364,"{""label"":""anomaly"",""anomaly"":true}",
767,anomaly,anomaly,True,455,996,1451,0.000127,0.000398,"{""label"":""anomaly"",""anomaly"":true}",
768,anomaly,anomaly,True,455,861,1316,0.000127,0.000344,"{""label"":""anomaly"",""anomaly"":true}",
769,anomaly,anomaly,True,421,651,1072,0.000118,0.000260,"{""label"":""anomaly"",""anomaly"":true}",
770,anomaly,anomaly,True,455,929,1384,0.000127,0.000372,"{""label"":""anomaly"",""anomaly"":true}",
771,anomaly,anomaly,True,455,1029,1484,0.000127,0.000412,"{""label"": ""anomaly"", ""anomaly"": true}",
772,anomaly,anomaly,True,449,974,1423,0.000126,0.000390,"{""label"": ""anomaly"", ""anomaly"": true}",
773,anomaly,anomaly,True,609,820,1429,0.000171,0.000328,"{""label"":""anomaly"",""anomaly"":true}",
774,anomaly,anomaly,True,449,918,1367,0.000126,0.000367,"{""label"":""anomaly"",""anomaly"":true}",
775,anomaly,anomaly,True,449,669,1118,0.000126,0.000268,"{""label"":""anomaly"",""anomaly"":true}",
776,anomaly,anomaly,True,425,775,1200,0.000119,0.000310,"{""label"":""anomaly"",""anomaly"":true}",
777,anomaly,anomaly,True,449,1006,1455,0.000126,0.000402,"{""label"":""anomaly"",""anomaly"":true}",
778,anomaly,anomaly,True,449,917,1366,0.000126,0.000367,"{""label"":""anomaly"",""anomaly"":true}",
779,anomaly,anomaly,True,2449,693,3142,0.000686,0.000277,"{""label"": ""anomaly"", ""anomaly"": true}",
780,anomaly,anomaly,True,1171,1369,2540,0.000328,0.000548,"{""label"":""anomaly"",""anomaly"":true}",
781,anomaly,anomaly,True,449,1059,1508,0.000126,0.000424,"{""label"":""anomaly"",""anomaly"":true}",
782,anomaly,anomaly,True,449,1049,1498,0.000126,0.000420,"{""label"":""anomaly"",""anomaly"":true}",
783,anomaly,anomaly,True,449,930,1379,0.000126,0.000372,"{""label"":""anomaly"",""anomaly"":true}",
784,anomaly,anomaly,True,461,680,1141,0.000129,0.000272,"{""label"":""anomaly"",""anomaly"":true}",
785,anomaly,anomaly,True,449,1089,1538,0.000126,0.000436,"{""label"":""anomaly"",""anomaly"":true}",
786,anomaly,anomaly,True,425,600,1025,0.000119,0.000240,"{""label"": ""anomaly"", ""anomaly"": true}",
787,anomaly,anomaly,True,443,509,952,0.000124,0.000204,"{""label"":""anomaly"",""anomaly"":true}",
788,anomaly,anomaly,True,443,912,1355,0.000124,0.000365,"{""label"":""anomaly"",""anomaly"":true}",
789,anomaly,anomaly,True,419,955,1374,0.000117,0.000382,"{""label"":""anomaly"",""anomaly"":true}",
790,anomaly,anomaly,True,397,910,1307,0.000111,0.000364,"{""label"": ""anomaly"", ""anomaly"": true}",
791,anomaly,anomaly,True,397,598,995,0.000111,0.000239,"{""label"":""anomaly"",""anomaly"":true}",
792,anomaly,anomaly,True,449,753,1202,0.000126,0.000301,"{""label"":""anomaly"",""anomaly"":true}",
793,anomaly,anomaly,True,405,559,964,0.000113,0.000224,"{""label"":""anomaly"",""anomaly"":true}",
794,anomaly,anomaly,True,397,543,940,0.000111,0.000217,"{""label"":""anomaly"",""anomaly"":true}",
795,anomaly,anomaly,True,415,937,1352,0.000116,0.000375,"{""label"":""anomaly"",""anomaly"":true}",
796,anomaly,anomaly,True,449,920,1369,0.000126,0.000368,"{""label"":""anomaly"",""anomaly"":true}",
797,anomaly,anomaly,True,443,1019,1462,0.000124,0.000408,"{""label"":""anomaly"",""anomaly"":true}",
798,anomaly,anomaly,True,3785,619,4404,0.001060,0.000248,"{""label"":""anomaly"",""anomaly"":true}",
799,anomaly,anomaly,True,443,1219,1662,0.000124,0.000488,"{""label"":""anomaly"",""anomaly"":true}",
800,anomaly,anomaly,True,449,748,1197,0.000126,0.000299,"{""label"":""anomaly"",""anomaly"":true}",
801,anomaly,anomaly,True,435,1206,1641,0.000122,0.000482,"{""label"":""anomaly"",""anomaly"":true}",
802,anomaly,anomaly,True,397,497,894,0.000111,0.000199,"{""label"":""anomaly"",""anomaly"":true}",
803,anomaly,anomaly,True,443,1004,1447,0.000124,0.000402,"{""label"":""anomaly"",""anomaly"":true}",
804,anomaly,anomaly,True,443,618,1061,0.000124,0.000247,"{""label"": ""anomaly"", ""anomaly"": true}",
805,anomaly,anomaly,True,451,798,1249,0.000126,0.000319,"{""label"":""anomaly"",""anomaly"":true}",
806,anomaly,anomaly,True,5211,686,5897,0.001459,0.000274,"{""label"":""anomaly"",""anomaly"":true}",
807,anomaly,anomaly,True,555,690,1245,0.000155,0.000276,"{""label"":""anomaly"",""anomaly"":true}",
808,anomaly,anomaly,True,461,893,1354,0.000129,0.000357,"{""label"":""anomaly"",""anomaly"":true}",
809,anomaly,anomaly,True,461,973,1434,0.000129,0.000389,"{""label"":""anomaly"",""anomaly"":true}",
810,anomaly,anomaly,True,421,689,1110,0.000118,0.000276,"{""label"":""anomaly"",""anomaly"":true}",
811,anomaly,anomaly,True,529,1026,1555,0.000148,0.000410,"{""label"":""anomaly"",""anomaly"":true}",
812,anomaly,anomaly,True,1113,1246,2359,0.000312,0.000498,"{""label"": ""anomaly"", ""anomaly"": true}",
813,anomaly,anomaly,True,461,1189,1650,0.000129,0.000476,"{""label"":""anomaly"",""anomaly"":true}",
814,anomaly,anomaly,True,461,1153,1614,0.000129,0.000461,"{""label"":""anomaly"",""anomaly"":true}",
815,anomaly,anomaly,True,401,757,1158,0.000112,0.000303,"{""label"": ""anomaly"", ""anomaly"": true}",
816,anomaly,anomaly,True,461,884,1345,0.000129,0.000354,"{""label"":""anomaly"",""anomaly"":true}",
817,anomaly,anomaly,True,389,954,1343,0.000109,0.000382,"{""label"":""anomaly"",""anomaly"":true}",
818,anomaly,anomaly,True,461,855,1316,0.000129,0.000342,"{""label"":""anomaly"",""anomaly"":true}",
819,anomaly,anomaly,True,461,847,1308,0.000129,0.000339,"{""label"":""anomaly"",""anomaly"":true}",
820,anomaly,anomaly,True,409,650,1059,0.000115,0.000260,"{""label"":""anomaly"",""anomaly"":true}",
821,anomaly,anomaly,True,451,1159,1610,0.000126,0.000464,"{""label"":""anomaly"",""anomaly"":true}",
822,anomaly,anomaly,True,385,570,955,0.000108,0.000228,"{""label"": ""anomaly"", ""anomaly"": true}",
823,anomaly,anomaly,True,461,1024,1485,0.000129,0.000410,"{""label"": ""anomaly"", ""anomaly"": true}",
824,anomaly,anomaly,True,461,614,1075,0.000129,0.000246,"{""label"":""anomaly"",""anomaly"":true}",
825,anomaly,anomaly,True,439,993,1432,0.000123,0.000397,"{""label"":""anomaly"",""anomaly"":true}",
826,anomaly,anomaly,True,377,498,875,0.000106,0.000199,"{""label"":""anomaly"",""anomaly"":true}",
827,anomaly,anomaly,True,443,692,1135,0.000124,0.000277,"{""label"":""anomaly"",""anomaly"":true}",
828,anomaly,anomaly,True,443,742,1185,0.000124,0.000297,"{""label"":""anomaly"",""anomaly"":true}",
829,anomaly,anomaly,True,423,907,1330,0.000118,0.000363,"{""label"": ""anomaly"", ""anomaly"": true}",
830,anomaly,anomaly,True,443,719,1162,0.000124,0.000288,"{""label"":""anomaly"",""anomaly"":true}",
831,anomaly,anomaly,True,443,890,1333,0.000124,0.000356,"{""label"":""anomaly"",""anomaly"":true}",
832,anomaly,anomaly,True,361,1486,1847,0.000101,0.000594,"{""label"": ""anomaly"", ""anomaly"": true}",
833,anomaly,anomaly,True,443,985,1428,0.000124,0.000394,"{""label"": ""anomaly"", ""anomaly"": true}",
834,anomaly,anomaly,True,425,578,1003,0.000119,0.000231,"{""label"":""anomaly"",""anomaly"":true}",
835,anomaly,anomaly,True,443,952,1395,0.000124,0.000381,"{""label"":""anomaly"",""anomaly"":true}",
836,anomaly,anomaly,True,449,1062,1511,0.000126,0.000425,"{""label"":""anomaly"",""anomaly"":true}",
837,anomaly,anomaly,True,4175,538,4713,0.001169,0.000215,"{""label"":""anomaly"",""anomaly"":true}",
838,anomaly,anomaly,True,409,538,947,0.000115,0.000215,"{""label"":""anomaly"",""anomaly"":true}",
839,anomaly,anomaly,True,509,668,1177,0.000143,0.000267,"{""label"":""anomaly"",""anomaly"":true}",
840,anomaly,anomaly,True,449,1273,1722,0.000126,0.000509,"{""label"":""anomaly"",""anomaly"":true}",
841,anomaly,anomaly,True,443,973,1416,0.000124,0.000389,"{""label"":""anomaly"",""anomaly"":true}",
842,anomaly,anomaly,True,385,887,1272,0.000108,0.000355,"{""label"": ""anomaly"", ""anomaly"": true}",
843,anomaly,anomaly,True,373,532,905,0.000104,0.000213,"{""label"":""anomaly"",""anomaly"":true}",
844,anomaly,anomaly,True,455,989,1444,0.000127,0.000396,"{""label"":""anomaly"",""anomaly"":true}",
845,anomaly,anomaly,True,455,1145,1600,0.000127,0.000458,"{""label"":""anomaly"",""anomaly"":true}",
846,anomaly,anomaly,True,451,993,1444,0.000126,0.000397,"{""label"": ""anomaly"", ""anomaly"": true}",
847,anomaly,anomaly,True,461,803,1264,0.000129,0.000321,"{""label"": ""anomaly"", ""anomaly"": true}",
848,anomaly,anomaly,True,451,904,1355,0.000126,0.000362,"{""label"":""anomaly"",""anomaly"":true}",
849,anomaly,anomaly,True,401,908,1309,0.000112,0.000363,"{""label"": ""anomaly"", ""anomaly"": true}",
850,anomaly,anomaly,True,455,1025,1480,0.000127,0.000410,"{""label"":""anomaly"",""anomaly"":true}",
851,anomaly,anomaly,True,455,1131,1586,0.000127,0.000452,"{""label"": ""anomaly"", ""anomaly"": true}",
852,anomaly,anomaly,True,455,1286,1741,0.000127,0.000514,"{""label"":""anomaly"",""anomaly"":true}",
853,anomaly,anomaly,True,397,748,1145,0.000111,0.000299,"{""label"":""anomaly"",""anomaly"":true}",
854,anomaly,anomaly,True,559,578,1137,0.000157,0.000231,"{""label"":""anomaly"",""anomaly"":true}",
855,anomaly,anomaly,True,455,879,1334,0.000127,0.000352,"{""label"": ""anomaly"", ""anomaly"": true}",
856,anomaly,anomaly,True,1115,1494,2609,0.000312,0.000598,"{""label"":""anomaly"",""anomaly"":true}",
857,anomaly,anomaly,True,619,719,1338,0.000173,0.000288,"{""label"":""anomaly"",""anomaly"":true}",
858,anomaly,anomaly,True,525,1233,1758,0.000147,0.000493,"{""label"":""anomaly"",""anomaly"":true}",
859,anomaly,anomaly,True,353,992,1345,0.000099,0.000397,"{""label"":""anomaly"",""anomaly"":true}",
860,anomaly,anomaly,True,385,893,1278,0.000108,0.000357,"{""label"":""anomaly"",""anomaly"":true}",
861,anomaly,anomaly,True,4353,537,4890,0.001219,0.000215,"{""label"":""anomaly"",""anomaly"":true}",
862,anomaly,anomaly,True,619,628,1247,0.000173,0.000251,"{""label"":""anomaly"",""anomaly"":true}",
863,anomaly,anomaly,True,455,999,1454,0.000127,0.000400,"{""label"":""anomaly"",""anomaly"":true}",
864,anomaly,anomaly,True,559,960,1519,0.000157,0.000384,"{""label"":""anomaly"",""anomaly"":true}",
865,anomaly,anomaly,True,117939,406,118345,0.033023,0.000162,"{""label"":""anomaly"",""anomaly"":true}",
866,anomaly,anomaly,True,555,646,1201,0.000155,0.000258,"{""label"":""anomaly"",""anomaly"":true}",
867,anomaly,anomaly,True,1115,1538,2653,0.000312,0.000615,"{""label"":""anomaly"",""anomaly"":true}",
868,anomaly,anomaly,True,455,969,1424,0.000127,0.000388,"{""label"":""anomaly"",""anomaly"":true}",
869,anomaly,anomaly,True,559,720,1279,0.000157,0.000288,"{""label"": ""anomaly"", ""anomaly"": true}",
870,anomaly,anomaly,True,365,1181,1546,0.000102,0.000472,"{""label"": ""anomaly"", ""anomaly"": true}",
871,anomaly,anomaly,True,513,584,1097,0.000144,0.000234,"{""label"":""anomaly"",""anomaly"":true}",
872,anomaly,anomaly,True,469,1361,1830,0.000131,0.000544,"{""label"": ""anomaly"", ""anomaly"": true}",
873,anomaly,anomaly,True,439,1024,1463,0.000123,0.000410,"{""label"":""anomaly"",""anomaly"":true}",
874,anomaly,anomaly,True,419,701,1120,0.000117,0.000280,"{""label"":""anomaly"",""anomaly"":true}",
875,anomaly,anomaly,True,449,793,1242,0.000126,0.000317,"{""label"":""anomaly"",""anomaly"":true}",
876,anomaly,anomaly,True,449,667,1116,0.000126,0.000267,"{""label"": ""anomaly"", ""anomaly"": true}",
877,anomaly,anomaly,True,198321,393,198714,0.055530,0.000157,"{""label"": ""anomaly"", ""anomaly"": true}",
878,anomaly,anomaly,True,449,1222,1671,0.000126,0.000489,"{""label"":""anomaly"",""anomaly"":true}",
879,anomaly,anomaly,True,449,1132,1581,0.000126,0.000453,"{""label"":""anomaly"",""anomaly"":true}",
880,anomaly,anomaly,True,449,1726,2175,0.000126,0.000690,"{""label"":""anomaly"",""anomaly"":true}",
881,anomaly,anomaly,True,425,601,1026,0.000119,0.000240,"{""label"":""anomaly"",""anomaly"":true}",
882,anomaly,anomaly,True,449,829,1278,0.000126,0.000332,"{""label"":""anomaly"",""anomaly"":true}",
883,anomaly,anomaly,True,449,795,1244,0.000126,0.000318,"{""label"":""anomaly"",""anomaly"":true}",
884,anomaly,anomaly,True,439,975,1414,0.000123,0.000390,"{""label"":""anomaly"",""anomaly"":true}",
885,anomaly,anomaly,True,373,607,980,0.000104,0.000243,"{""label"":""anomaly"",""anomaly"":true}",
886,anomaly,anomaly,True,1369,1128,2497,0.000383,0.000451,"{""label"": ""anomaly"", ""anomaly"": true}",
887,anomaly,anomaly,True,449,903,1352,0.000126,0.000361,"{""label"":""anomaly"",""anomaly"":true}",
888,anomaly,anomaly,True,615,687,1302,0.000172,0.000275,"{""label"": ""anomaly"", ""anomaly"": true}",
889,anomaly,anomaly,True,449,1003,1452,0.000126,0.000401,"{""label"":""anomaly"",""anomaly"":true}",
890,anomaly,anomaly,True,415,775,1190,0.000116,0.000310,"{""label"":""anomaly"",""anomaly"":true}",
891,anomaly,anomaly,True,425,827,1252,0.000119,0.000331,"{""label"":""anomaly"",""anomaly"":true}",
892,anomaly,anomaly,True,433,638,1071,0.000121,0.000255,"{""label"":""anomaly"",""anomaly"":true}",
893,anomaly,anomaly,True,4031,517,4548,0.001129,0.000207,"{""label"":""anomaly"",""anomaly"":true}",
894,anomaly,anomaly,True,455,759,1214,0.000127,0.000304,"{""label"":""anomaly"",""anomaly"":true}",
895,anomaly,anomaly,True,455,833,1288,0.000127,0.000333,"{""label"":""anomaly"",""anomaly"":true}",
896,anomaly,anomaly,True,455,823,1278,0.000127,0.000329,"{""label"":""anomaly"",""anomaly"":true}",
897,anomaly,anomaly,True,455,2028,2483,0.000127,0.000811,"{""label"":""anomaly"",""anomaly"":true}",
898,anomaly,anomaly,True,455,928,1383,0.000127,0.000371,"{""label"": ""anomaly"", ""anomaly"": true}",
899,anomaly,anomaly,True,547,542,1089,0.000153,0.000217,"{""label"":""anomaly"",""anomaly"":true}",
900,anomaly,anomaly,True,515,1161,1676,0.000144,0.000464,"{""label"":""anomaly"",""anomaly"":true}",
901,anomaly,anomaly,True,433,685,1118,0.000121,0.000274,"{""label"":""anomaly"",""anomaly"":true}",
902,anomaly,anomaly,True,395,1153,1548,0.000111,0.000461,"{""label"": ""anomaly"", ""anomaly"": true}",
903,anomaly,anomaly,True,455,1115,1570,0.000127,0.000446,"{""label"": ""anomaly"", ""anomaly"": true}",
904,anomaly,anomaly,True,118709,318,119027,0.033239,0.000127,"{""label"":""anomaly"",""anomaly"":true}",
905,anomaly,anomaly,True,555,902,1457,0.000155,0.000361,"{""label"":""anomaly"",""anomaly"":true}",
906,anomaly,anomaly,True,455,740,1195,0.000127,0.000296,"{""label"": ""anomaly"", ""anomaly"": true}",
907,anomaly,anomaly,True,455,857,1312,0.000127,0.000343,"{""label"":""anomaly"",""anomaly"":true}",
908,anomaly,anomaly,True,557,659,1216,0.000156,0.000264,"{""label"":""anomaly"",""anomaly"":true}",
909,anomaly,anomaly,True,559,988,1547,0.000157,0.000395,"{""label"":""anomaly"",""anomaly"":true}",
910,anomaly,anomaly,True,421,784,1205,0.000118,0.000314,"{""label"":""anomaly"",""anomaly"":true}",
911,anomaly,anomaly,True,421,627,1048,0.000118,0.000251,"{""label"":""anomaly"",""anomaly"":true}",
912,anomaly,anomaly,True,455,977,1432,0.000127,0.000391,"{""label"": ""anomaly"", ""anomaly"": true}",
913,anomaly,anomaly,True,869,1021,1890,0.000243,0.000408,"{""label"":""anomaly"",""anomaly"":true}",
914,anomaly,anomaly,True,455,1068,1523,0.000127,0.000427,"{""label"":""anomaly"",""anomaly"":true}",
915,anomaly,anomaly,True,445,1102,1547,0.000125,0.000441,"{""label"":""anomaly"",""anomaly"":true}",
916,anomaly,anomaly,True,433,837,1270,0.000121,0.000335,"{""label"":""anomaly"",""anomaly"":true}",
917,anomaly,anomaly,True,857,1356,2213,0.000240,0.000542,"{""label"":""anomaly"",""anomaly"":true}",
918,anomaly,anomaly,True,455,1732,2187,0.000127,0.000693,"{""label"":""anomaly"",""anomaly"":true}",
919,anomaly,anomaly,True,455,1069,1524,0.000127,0.000428,"{""label"":""anomaly"",""anomaly"":true}",
920,anomaly,anomaly,True,455,1234,1689,0.000127,0.000494,"{""label"": ""anomaly"", ""anomaly"": true}",
921,anomaly,anomaly,True,4589,439,5028,0.001285,0.000176,"{""label"":""anomaly"",""anomaly"":true}",
922,anomaly,anomaly,True,401,553,954,0.000112,0.000221,"{""label"":""anomaly"",""anomaly"":true}",
923,anomaly,anomaly,True,461,1096,1557,0.000129,0.000438,"{""label"":""anomaly"",""anomaly"":true}",
924,anomaly,anomaly,True,455,1083,1538,0.000127,0.000433,"{""label"": ""anomaly"", ""anomaly"": true}",
925,anomaly,anomaly,True,455,1288,1743,0.000127,0.000515,"{""label"":""anomaly"",""anomaly"":true}",
926,anomaly,anomaly,True,421,507,928,0.000118,0.000203,"{""label"":""anomaly"",""anomaly"":true}",
927,anomaly,anomaly,True,455,1149,1604,0.000127,0.000460,"{""label"": ""anomaly"", ""anomaly"": true}",
928,anomaly,anomaly,True,455,905,1360,0.000127,0.000362,"{""label"":""anomaly"",""anomaly"":true}",
929,anomaly,anomaly,True,519,746,1265,0.000145,0.000298,"{""label"":""anomaly"",""anomaly"":true}",
930,anomaly,anomaly,True,449,568,1017,0.000126,0.000227,"{""label"":""anomaly"",""anomaly"":true}",
931,anomaly,anomaly,True,425,819,1244,0.000119,0.000328,"{""label"":""anomaly"",""anomaly"":true}",
932,anomaly,anomaly,True,401,820,1221,0.000112,0.000328,"{""label"": ""anomaly"", ""anomaly"": true}",
933,anomaly,anomaly,True,443,540,983,0.000124,0.000216,"{""label"":""anomaly"",""anomaly"":true}",
934,anomaly,anomaly,True,449,1197,1646,0.000126,0.000479,"{""label"":""anomaly"",""anomaly"":true}",
935,anomaly,anomaly,True,449,988,1437,0.000126,0.000395,"{""label"":""anomaly"",""anomaly"":true}",
936,anomaly,anomaly,True,409,657,1066,0.000115,0.000263,"{""label"":""anomaly"",""anomaly"":true}",
937,anomaly,anomaly,True,449,1265,1714,0.000126,0.000506,"{""label"":""anomaly"",""anomaly"":true}",
938,anomaly,anomaly,True,525,736,1261,0.000147,0.000294,"{""label"":""anomaly"",""anomaly"":true}",
939,anomaly,,,0,0,0,0.000000,0.000000,error: The read operation timed out,The read operation timed out
940,anomaly,anomaly,True,449,704,1153,0.000126,0.000282,"{""label"":""anomaly"",""anomaly"":true}",
941,anomaly,anomaly,True,449,741,1190,0.000126,0.000296,"{""label"":""anomaly"",""anomaly"":true}",
942,anomaly,anomaly,True,439,922,1361,0.000123,0.000369,"{""label"":""anomaly"",""anomaly"":true}",
943,anomaly,anomaly,True,3913,542,4455,0.001096,0.000217,"{""label"":""anomaly"",""anomaly"":true}",
944,anomaly,anomaly,True,449,754,1203,0.000126,0.000302,"{""label"": ""anomaly"", ""anomaly"": true}",
945,anomaly,anomaly,True,423,750,1173,0.000118,0.000300,"{""label"":""anomaly"",""anomaly"":true}",
946,anomaly,anomaly,True,845,1153,1998,0.000237,0.000461,"{""label"": ""anomaly"", ""anomaly"": true}",
947,anomaly,anomaly,True,377,851,1228,0.000106,0.000340,"{""label"":""anomaly"",""anomaly"":true}",
948,anomaly,anomaly,True,443,597,1040,0.000124,0.000239,"{""label"": ""anomaly"", ""anomaly"": true}",
949,anomaly,anomaly,True,443,788,1231,0.000124,0.000315,"{""label"":""anomaly"",""anomaly"":true}",
950,anomaly,anomaly,True,539,1096,1635,0.000151,0.000438,"{""label"":""anomaly"",""anomaly"":true}",
951,anomaly,anomaly,True,1577,856,2433,0.000442,0.000342,"{""label"":""anomaly"",""anomaly"":true}",
952,anomaly,anomaly,True,449,1116,1565,0.000126,0.000446,"{""label"":""anomaly"",""anomaly"":true}",
953,anomaly,anomaly,True,443,819,1262,0.000124,0.000328,"{""label"":""anomaly"",""anomaly"":true}",
954,anomaly,anomaly,True,443,674,1117,0.000124,0.000270,"{""label"": ""anomaly"", ""anomaly"": true}",
955,anomaly,anomaly,True,419,716,1135,0.000117,0.000286,"{""label"":""anomaly"",""anomaly"":true}",
956,anomaly,anomaly,True,449,805,1254,0.000126,0.000322,"{""label"":""anomaly"",""anomaly"":true}",
957,anomaly,anomaly,True,833,1494,2327,0.000233,0.000598,"{""label"":""anomaly"",""anomaly"":true}",
958,anomaly,anomaly,True,443,1119,1562,0.000124,0.000448,"{""label"":""anomaly"",""anomaly"":true}",
959,anomaly,anomaly,True,443,774,1217,0.000124,0.000310,"{""label"":""anomaly"",""anomaly"":true}",
960,anomaly,anomaly,True,443,892,1335,0.000124,0.000357,"{""label"":""anomaly"",""anomaly"":true}",
